seqcol_digest,sequence_index,name,refget_digest,length
XJWKh8nsSqBFfcU0DIHMZohYyCWF-vcA,0,NC_000001.10,SQ.S_KjnFVz-FE7M0W6yoaUDgYxLPc1jyWU,249250621
XJWKh8nsSqBFfcU0DIHMZohYyCWF-vcA,1,NT_113878.1,SQ.aX54PSRCZbj0EVn5QAH4zoO72gsmSTO8,106433
XJWKh8nsSqBFfcU0DIHMZohYyCWF-vcA,2,NT_167207.1,SQ.udMJQEKIyWPe8YGW1Dws6IHk_1NbkY9Y,547496
XJWKh8nsSqBFfcU0DIHMZohYyCWF-vcA,3,NC_000002.11,SQ.9KdcA9ZpY1Cpvxvg8bMSLYDUpsX6GDLO,243199373
XJWKh8nsSqBFfcU0DIHMZohYyCWF-vcA,4,NC_000003.11,SQ.VNBualIltAyi2AI_uXcKU7M9XUOuA7MS,198022430
XJWKh8nsSqBFfcU0DIHMZohYyCWF-vcA,5,NC_000004.11,SQ.iy7Zfceb5_VGtTQzJ-v5JpPbpeifHD_V,191154276
XJWKh8nsSqBFfcU0DIHMZohYyCWF-vcA,6,NT_113885.1,SQ.be3_RQlT0dXc4jYLkbEiRC6HSl7u1FjF,189789
XJWKh8nsSqBFfcU0DIHMZohYyCWF-vcA,7,NT_113888.1,SQ.WyYCLC4VxJvbBz2b_wBWF5BdQotiUVdB,191469
XJWKh8nsSqBFfcU0DIHMZohYyCWF-vcA,8,NC_000005.9,SQ.vbjOdMfHJvTjK_nqvFvpaSKhZillW0SX,180915260
XJWKh8nsSqBFfcU0DIHMZohYyCWF-vcA,9,NC_000006.11,SQ.KqaUhJMW3CDjhoVtBetdEKT1n6hM-7Ek,171115067
XJWKh8nsSqBFfcU0DIHMZohYyCWF-vcA,10,NC_000007.13,SQ.IW78mgV5Cqf6M24hy52hPjyyo5tCCd86,159138663
XJWKh8nsSqBFfcU0DIHMZohYyCWF-vcA,11,NT_113901.1,SQ.2LEWMcieZGf9Sx4VpEeWSDcULUVHGm0w,182896
XJWKh8nsSqBFfcU0DIHMZohYyCWF-vcA,12,NC_000008.10,SQ.tTm7wmhz0G4lpt8wPspcNkAD_qiminj6,146364022
XJWKh8nsSqBFfcU0DIHMZohYyCWF-vcA,13,NT_113909.1,SQ.ogs0_fByd3Mv6KgbGnhjdlP8-XQkfLm1,38914
XJWKh8nsSqBFfcU0DIHMZohYyCWF-vcA,14,NT_113907.1,SQ.KHkBYmlg-UJaE9sUI912zBlzdGD2BBEF,37175
XJWKh8nsSqBFfcU0DIHMZohYyCWF-vcA,15,NC_000009.11,SQ.HBckYGQ4wYG9APHLpjoQ9UUe9v7NxExt,141213431
XJWKh8nsSqBFfcU0DIHMZohYyCWF-vcA,16,NT_113914.1,SQ.eGGFNElJYIEvmIdJSxYMOtJwtAeQjUAh,90085
XJWKh8nsSqBFfcU0DIHMZohYyCWF-vcA,17,NT_113916.2,SQ.DpceVFcK1X1L6lsvIq0tKC0qp2dD835g,169874
XJWKh8nsSqBFfcU0DIHMZohYyCWF-vcA,18,NT_113915.1,SQ.3IMtzIioR9P6hmwAcLFbjPrLHm8n-jZQ,187035
XJWKh8nsSqBFfcU0DIHMZohYyCWF-vcA,19,NT_113911.1,SQ.II3F2oT0mk0KjciIUvziQtHOquqc8_Pg,36148
XJWKh8nsSqBFfcU0DIHMZohYyCWF-vcA,20,NC_000010.10,SQ.-BOZ8Esn8J88qDwNiSEwUr5425UXdiGX,135534747
XJWKh8nsSqBFfcU0DIHMZohYyCWF-vcA,21,NC_000011.9,SQ.XXi2_O1ly-CCOi3HP5TypAw7LtC6niFG,135006516
XJWKh8nsSqBFfcU0DIHMZohYyCWF-vcA,22,NT_113921.2,SQ.vfbJmCvoE6vQMOSTobr0TnNDUpTNprQt,40103
XJWKh8nsSqBFfcU0DIHMZohYyCWF-vcA,23,NC_000012.11,SQ.105bBysLoDFQHhajooTAUyUkNiZ8LJEH,133851895
XJWKh8nsSqBFfcU0DIHMZohYyCWF-vcA,24,NC_000013.10,SQ.Ewb9qlgTqN6e_XQiRVYpoUfZJHXeiUfH,115169878
XJWKh8nsSqBFfcU0DIHMZohYyCWF-vcA,25,NC_000014.8,SQ.5Ji6FGEKfejK1U6BMScqrdKJK8GqmIGf,107349540
XJWKh8nsSqBFfcU0DIHMZohYyCWF-vcA,26,NC_000015.9,SQ.zIMZb3Ft7RdWa5XYq0PxIlezLY2ccCgt,102531392
XJWKh8nsSqBFfcU0DIHMZohYyCWF-vcA,27,NC_000016.9,SQ.W6wLoIFOn4G7cjopxPxYNk2lcEqhLQFb,90354753
XJWKh8nsSqBFfcU0DIHMZohYyCWF-vcA,28,NC_000017.10,SQ.AjWXsI7AkTK35XW9pgd3UbjpC3MAevlz,81195210
XJWKh8nsSqBFfcU0DIHMZohYyCWF-vcA,29,NT_113941.1,SQ.sT2ZnJrlmZM-p20GfB8qMm_LRJSIyc7E,37498
XJWKh8nsSqBFfcU0DIHMZohYyCWF-vcA,30,NT_113943.1,SQ.QdTT6dkTK-BiF9fSf4WNxYgT32IpMFeD,81310
XJWKh8nsSqBFfcU0DIHMZohYyCWF-vcA,31,NT_113930.1,SQ.lsaxkE65UUVeSsgF_1bgSpZODAKAXif6,174588
XJWKh8nsSqBFfcU0DIHMZohYyCWF-vcA,32,NT_113945.1,SQ.nXpYhtwAqXo65qRsbeHbRb9VXWj3HQD9,41001
XJWKh8nsSqBFfcU0DIHMZohYyCWF-vcA,33,NC_000018.9,SQ.BTj4BDaaHYoPhD3oY2GdwC_l0uqZ92UD,78077248
XJWKh8nsSqBFfcU0DIHMZohYyCWF-vcA,34,NT_113947.1,SQ.kpcAjK5AhEhFRhV_U86hPlA5oj2E5sny,4262
XJWKh8nsSqBFfcU0DIHMZohYyCWF-vcA,35,NC_000019.9,SQ.ItRDD47aMoioDCNW_occY5fWKZBKlxCX,59128983
XJWKh8nsSqBFfcU0DIHMZohYyCWF-vcA,36,NT_113948.1,SQ.xg302f-VLyLkkjPMrv8ejUHv4XrETznB,92689
XJWKh8nsSqBFfcU0DIHMZohYyCWF-vcA,37,NT_113949.1,SQ.ANF6sM4plNAk7nPg1K58Vpx7N0nVtAgU,159169
XJWKh8nsSqBFfcU0DIHMZohYyCWF-vcA,38,NC_000020.10,SQ.iy_UbUrvECxFRX5LPTH_KPojdlT7BKsf,63025520
XJWKh8nsSqBFfcU0DIHMZohYyCWF-vcA,39,NC_000021.8,SQ.LpTaNW-hwuY_yARP0rtarCnpCQLkgVCg,48129895
XJWKh8nsSqBFfcU0DIHMZohYyCWF-vcA,40,NT_113950.2,SQ.Lew6ZNRWZcBW8KaqScUV0HTyFU_qDGXS,27682
XJWKh8nsSqBFfcU0DIHMZohYyCWF-vcA,41,NC_000022.10,SQ.XOgHwwR3Upfp5sZYk6ZKzvV25a4RBVu8,51304566
XJWKh8nsSqBFfcU0DIHMZohYyCWF-vcA,42,NC_000023.10,SQ.v7noePfnNpK8ghYXEqZ9NukMXW7YeNsm,155270560
XJWKh8nsSqBFfcU0DIHMZohYyCWF-vcA,43,NC_000024.9,SQ.BT7QyW5iXaX_1PSX-msSGYsqRdMKqkj-,59373566
XJWKh8nsSqBFfcU0DIHMZohYyCWF-vcA,44,NT_113961.1,SQ.traI0om_Wa_tb8BBRkxI1Mpp4gx8TgHs,166566
XJWKh8nsSqBFfcU0DIHMZohYyCWF-vcA,45,NT_113923.1,SQ.RTZguWq8pXb7TU5HcvH7YTN7eWEU8kR2,186858
XJWKh8nsSqBFfcU0DIHMZohYyCWF-vcA,46,NT_167208.1,SQ.1VIfWolFZeqoQU6YO0aj1Vhol9OZPRak,164239
XJWKh8nsSqBFfcU0DIHMZohYyCWF-vcA,47,NT_167209.1,SQ.c4RwKvyuoOY9ze9WWPojiKz6r2znHArq,137718
XJWKh8nsSqBFfcU0DIHMZohYyCWF-vcA,48,NT_167210.1,SQ.IeLPCZedu0UD7rBCpf6YQUQJXJnhf2IP,172545
XJWKh8nsSqBFfcU0DIHMZohYyCWF-vcA,49,NT_167211.1,SQ.MFs3xF5NXzGDYd4-o8R48fTu9KiBLyGC,172294
XJWKh8nsSqBFfcU0DIHMZohYyCWF-vcA,50,NT_167212.1,SQ.XwtbTDF51a49lUNo45BeoHoMbY7YaUoq,172149
XJWKh8nsSqBFfcU0DIHMZohYyCWF-vcA,51,NT_113889.1,SQ.sdL1gDzRGFP-F9sMKtNLSRAnQ-BC84H-,161147
XJWKh8nsSqBFfcU0DIHMZohYyCWF-vcA,52,NT_167213.1,SQ.czO0uwJ6D8tZofzgHPDVnGO6bfq-kYNX,179198
XJWKh8nsSqBFfcU0DIHMZohYyCWF-vcA,53,NT_167214.1,SQ.PED4eU6aiTLsufXivhyWGjbU486sfgsT,161802
XJWKh8nsSqBFfcU0DIHMZohYyCWF-vcA,54,NT_167215.1,SQ.4B6-ZKomKbCP3qJdfB8XKcD2ENOifPCf,155397
XJWKh8nsSqBFfcU0DIHMZohYyCWF-vcA,55,NT_167216.1,SQ.9PlVK5XwCm-Vjd3y9288pGC4qr0vo5OE,186861
XJWKh8nsSqBFfcU0DIHMZohYyCWF-vcA,56,NT_167217.1,SQ.1OPXbmGj5JKtFNm-eRp0W270cgBgsTly,180455
XJWKh8nsSqBFfcU0DIHMZohYyCWF-vcA,57,NT_167218.1,SQ.7Fmp4pU2KBOtIhW2ZeL6CXxGP4sy606F,179693
XJWKh8nsSqBFfcU0DIHMZohYyCWF-vcA,58,NT_167219.1,SQ.KuhqeekACzuyI14I7mL58jVhKFU3Sm_6,211173
XJWKh8nsSqBFfcU0DIHMZohYyCWF-vcA,59,NT_167220.1,SQ.rJFy652rJMoL5PqH-PiqrJ1zpHc4uUiz,15008
XJWKh8nsSqBFfcU0DIHMZohYyCWF-vcA,60,NT_167221.1,SQ.qSkhYqNqnoNUTjUPX8Md8fyKL8zZ2F4I,128374
XJWKh8nsSqBFfcU0DIHMZohYyCWF-vcA,61,NT_167222.1,SQ.tSqePp0derRg791hQeIUpCdeWG3h5ANK,129120
XJWKh8nsSqBFfcU0DIHMZohYyCWF-vcA,62,NT_167223.1,SQ.du5ydl6l4jzenxq6QSdajUIV_trdW9-J,19913
XJWKh8nsSqBFfcU0DIHMZohYyCWF-vcA,63,NT_167224.1,SQ.xbCrwhn7Fblv0QwsSG5fmwKm0KRXEwUv,43691
XJWKh8nsSqBFfcU0DIHMZohYyCWF-vcA,64,NT_167225.1,SQ.7C__QM-xdQ4U_VbZNyLKqaCmq1alAsAw,27386
XJWKh8nsSqBFfcU0DIHMZohYyCWF-vcA,65,NT_167226.1,SQ.gu9uA4qtsocLUOm1CKLqq4Lr24q1Wh98,40652
XJWKh8nsSqBFfcU0DIHMZohYyCWF-vcA,66,NT_167227.1,SQ.LW9Plw1K8o2hbhlnIfchHxe88uxW5fee,45941
XJWKh8nsSqBFfcU0DIHMZohYyCWF-vcA,67,NT_167228.1,SQ.oBgXlGXs-9D-BIuWYGZ9VAdyfBkv4ko6,40531
XJWKh8nsSqBFfcU0DIHMZohYyCWF-vcA,68,NT_167229.1,SQ.YPOeiq_9uTtIsMUja9AqKO_NbDm91yuZ,34474
XJWKh8nsSqBFfcU0DIHMZohYyCWF-vcA,69,NT_167230.1,SQ.RNzX11H890dfkdlWjyXaUlSxj6LKv_bp,41934
XJWKh8nsSqBFfcU0DIHMZohYyCWF-vcA,70,NT_167231.1,SQ.yaxXD4VEMF3-FwAYxPzAKfNDu5_JdXJH,45867
XJWKh8nsSqBFfcU0DIHMZohYyCWF-vcA,71,NT_167232.1,SQ.F1dafeyt7rhA_8dHI4drAEsc9n0UbAd0,39939
XJWKh8nsSqBFfcU0DIHMZohYyCWF-vcA,72,NT_167233.1,SQ.IZlunX_aR7RX1WJKyZM0cnKFW4YY6dzi,33824
XJWKh8nsSqBFfcU0DIHMZohYyCWF-vcA,73,NT_167234.1,SQ.th33VVELCKOd0dhT-P_v4jof3AUPWIUr,41933
XJWKh8nsSqBFfcU0DIHMZohYyCWF-vcA,74,NT_167235.1,SQ.BNgvT6xtaD6881pEbYrBVMaljpU2HdgX,42152
XJWKh8nsSqBFfcU0DIHMZohYyCWF-vcA,75,NT_167236.1,SQ.FrD5yGArHZZyZq1FQfSksQacpe4J7a3m,43523
XJWKh8nsSqBFfcU0DIHMZohYyCWF-vcA,76,NT_167237.1,SQ.sJjlbRvT5jiqYgUC40aadDFUKp7C_xxe,43341
XJWKh8nsSqBFfcU0DIHMZohYyCWF-vcA,77,NT_167238.1,SQ.guyz6uCkbSzKOE1QVcDE2cvd5fCFNbCf,39929
XJWKh8nsSqBFfcU0DIHMZohYyCWF-vcA,78,NT_167239.1,SQ.GD1VIV3PDw_fJDLkPQ2E0AuiQ7d-FGLn,36651
XJWKh8nsSqBFfcU0DIHMZohYyCWF-vcA,79,NT_167240.1,SQ.TiBSRh_dGfiWea48SOQEhMsNzy0LnzaK,38154
XJWKh8nsSqBFfcU0DIHMZohYyCWF-vcA,80,NT_167241.1,SQ.IFj5Y607NHkMgQJKUZEi_j5bH6qKs53k,36422
XJWKh8nsSqBFfcU0DIHMZohYyCWF-vcA,81,NT_167242.1,SQ.h_JCKE33z8mP_oQe83hcdSs1e19T_iFU,39786
XJWKh8nsSqBFfcU0DIHMZohYyCWF-vcA,82,NT_167243.1,SQ.uoSgKLeuWYiGisqvYYO1S7nhczOt1cv7,38502
XJWKh8nsSqBFfcU0DIHMZohYyCWF-vcA,83,NW_004070864.2,SQ.afhL3kN4HLz4xOj8YillpIlEnM6eB_J-,22982
XJWKh8nsSqBFfcU0DIHMZohYyCWF-vcA,84,NW_003571030.1,SQ.DDlpI8vtCzxnEQz-QZSf5-rDoCv6e9_z,151551
XJWKh8nsSqBFfcU0DIHMZohYyCWF-vcA,85,NW_003871056.3,SQ.JygvPcIfgIzDUmsJqDxyX6bKi65PxuFk,1676126
XJWKh8nsSqBFfcU0DIHMZohYyCWF-vcA,86,NW_003871055.3,SQ.CN9B0KUHy5Kb8UrM4bs-hrora8ljQtiF,7283150
XJWKh8nsSqBFfcU0DIHMZohYyCWF-vcA,87,NW_003315905.1,SQ.bRYaT5HlTMUTpUWpM4jKan96syvtKX3S,182439
XJWKh8nsSqBFfcU0DIHMZohYyCWF-vcA,88,NW_003315906.1,SQ.9xCYXFBVQDc7dfIKolvEEKLm8Uu3hysH,110268
XJWKh8nsSqBFfcU0DIHMZohYyCWF-vcA,89,NW_003315907.1,SQ.GAjgCgvGJHzqyG5B3eUzpVcHt6pnhWHO,366579
XJWKh8nsSqBFfcU0DIHMZohYyCWF-vcA,90,NW_004070863.1,SQ.MHjJGWE2aBs0JVGBb9Auh2vfDvI59bPn,24680
XJWKh8nsSqBFfcU0DIHMZohYyCWF-vcA,91,NW_003871057.1,SQ.LA2InLJeP6LU5UIKGftKAdiqBt-7qHBv,758378
XJWKh8nsSqBFfcU0DIHMZohYyCWF-vcA,92,NW_004070865.1,SQ.AfE2nSWsYDlQ8kosjO4bK4TEJJgjj6K5,47409
XJWKh8nsSqBFfcU0DIHMZohYyCWF-vcA,93,NW_003315903.1,SQ.rtF6N9-KMm7J0G4LrAumXo7KZtb4vhXD,49316
XJWKh8nsSqBFfcU0DIHMZohYyCWF-vcA,94,NW_003315904.1,SQ.jbzb9K-X3tSbbJVs9a44ATjtTtB-eesu,49352
XJWKh8nsSqBFfcU0DIHMZohYyCWF-vcA,95,NW_003315908.1,SQ.Ty1MZgCXzlCF81bA1yojF4tQL3zpP-61,143390
XJWKh8nsSqBFfcU0DIHMZohYyCWF-vcA,96,NW_004504299.1,SQ.ClzbPWm_89Ap39yo8LEKxClJEiFGWBwE,599580
XJWKh8nsSqBFfcU0DIHMZohYyCWF-vcA,97,NW_003571032.1,SQ.2boxphNca4urkC4mSa6VVm9wia0VXcW-,389939
XJWKh8nsSqBFfcU0DIHMZohYyCWF-vcA,98,NW_003571033.2,SQ.10yp1VWMurzO9zF1l7rhscuh_oRLSTew,96131
XJWKh8nsSqBFfcU0DIHMZohYyCWF-vcA,99,NW_003315909.1,SQ.V0CMtzYdkge7BgW5bmxhi0jlzyvuRY0L,123821
XJWKh8nsSqBFfcU0DIHMZohYyCWF-vcA,100,NW_003571031.1,SQ.HogrmZbwvJcyVUDCEGiTYvOqr0Y4snk_,66021
XJWKh8nsSqBFfcU0DIHMZohYyCWF-vcA,101,NW_003871060.1,SQ.5NFYPLvdlDVlaeC9OTBrBNXPR6MIQhTT,173151
XJWKh8nsSqBFfcU0DIHMZohYyCWF-vcA,102,NW_003871059.1,SQ.nEA2AyZexsdfI1fJ_JZCMZZXcbExMyQ2,100694
XJWKh8nsSqBFfcU0DIHMZohYyCWF-vcA,103,NW_003315910.1,SQ.cZIw1AhdAmu_gfhlUrlzfHqmF9_wm_wb,171362
XJWKh8nsSqBFfcU0DIHMZohYyCWF-vcA,104,NW_004775426.1,SQ.T31BYNzoDjFnMrDTuMwzngMbtf2xFKME,263861
XJWKh8nsSqBFfcU0DIHMZohYyCWF-vcA,105,NW_003315911.1,SQ.MJb0zf-41TeSNwdT2zPRDieWo5uZxW57,78793
XJWKh8nsSqBFfcU0DIHMZohYyCWF-vcA,106,NW_003871058.1,SQ.MB-4aUbIuKFw0dsKdORnhZ8gIXVSsj3J,393769
XJWKh8nsSqBFfcU0DIHMZohYyCWF-vcA,107,NW_003315912.1,SQ.LKVZo01RoixO1k-ffblawRQNBjyqb4qi,65063
XJWKh8nsSqBFfcU0DIHMZohYyCWF-vcA,108,NW_003315913.1,SQ.GUN8-TYOZWIwvkcWk4bCnaEPxBMwMTdn,180671
XJWKh8nsSqBFfcU0DIHMZohYyCWF-vcA,109,NW_004775427.1,SQ.8_Bsnm6QaKmrLG-ngM7Qole9I04j3_Td,503215
XJWKh8nsSqBFfcU0DIHMZohYyCWF-vcA,110,NW_003315915.1,SQ.OksgIOusUef0rdKcDyt0NB9MkqaaAVj0,376187
XJWKh8nsSqBFfcU0DIHMZohYyCWF-vcA,111,NW_003315916.1,SQ.uFz0BySK5T7u0nWZfcJxqM8tCQgk3kJV,121345
XJWKh8nsSqBFfcU0DIHMZohYyCWF-vcA,112,NW_003571035.1,SQ.v0G9iBe66wTxARcf6zF33zRc9_2k6qQb,248177
XJWKh8nsSqBFfcU0DIHMZohYyCWF-vcA,113,NW_003315914.1,SQ.PZYl7DEKtgH9B4KBRqe1D_Z2XbZmqRfB,164536
XJWKh8nsSqBFfcU0DIHMZohYyCWF-vcA,114,NW_003571034.1,SQ.TxEuEgmPMcvVFDXc_oLpcZOw5taF2J6g,297485
XJWKh8nsSqBFfcU0DIHMZohYyCWF-vcA,115,NW_003315920.1,SQ.8aqteC5jCbtrr33OmtXu4jGyrmbvzfgM,82728
XJWKh8nsSqBFfcU0DIHMZohYyCWF-vcA,116,NW_003571036.1,SQ.SOVDMTYGIxAemENYORhBIKG1UtMN-Cxx,226852
XJWKh8nsSqBFfcU0DIHMZohYyCWF-vcA,117,NW_003315917.2,SQ.eoMIu0vekNCOHBLKD0EwW7XJp-siHEGF,1612928
XJWKh8nsSqBFfcU0DIHMZohYyCWF-vcA,118,NW_003315918.1,SQ.UQf4P8h55Z6EdK5tczmAACezbKN5QQev,101241
XJWKh8nsSqBFfcU0DIHMZohYyCWF-vcA,119,NW_003871061.1,SQ.tUWgcxh6XK4NvM98KhqC1zVOG208JLk_,266316
XJWKh8nsSqBFfcU0DIHMZohYyCWF-vcA,120,NW_004775428.1,SQ.cms5e0oj4tQBx-U7s_Up1ro3S1MNVrwC,543325
XJWKh8nsSqBFfcU0DIHMZohYyCWF-vcA,121,NW_003315919.1,SQ.buP2JSI5lAEk8i2XtyuGWf94SwMg13cZ,173459
XJWKh8nsSqBFfcU0DIHMZohYyCWF-vcA,122,NW_004070866.1,SQ.r910AHW0Vhwl6tyQIPq9T58N6rOGEHMV,273386
XJWKh8nsSqBFfcU0DIHMZohYyCWF-vcA,123,NW_003871063.1,SQ.ucWXh-_OoiOm7wRAYMe1992G0UhvjOBm,200195
XJWKh8nsSqBFfcU0DIHMZohYyCWF-vcA,124,NW_003315921.1,SQ.8WpZeULvL3qqYUSdxv4RyI7BblG0UkU4,124736
XJWKh8nsSqBFfcU0DIHMZohYyCWF-vcA,125,NW_004504300.1,SQ.R__E8KtK1gr4H-YpppnYHl1_G0kSNytU,478993
XJWKh8nsSqBFfcU0DIHMZohYyCWF-vcA,126,NW_003871062.1,SQ.3OZGaD9gewowtxWoC5B1CJ5By7Czsl1v,262912
XJWKh8nsSqBFfcU0DIHMZohYyCWF-vcA,127,NW_004775429.1,SQ.TTjImcojLEHYhERdMFZ8R0JGRPnw5Vic,149443
XJWKh8nsSqBFfcU0DIHMZohYyCWF-vcA,128,NW_004166862.1,SQ.Un1GYUcihKIkQud_HM0sq17zRauqOTIc,187824
XJWKh8nsSqBFfcU0DIHMZohYyCWF-vcA,129,NW_003571039.1,SQ.QB_zaWLSQnvSbU6xS1Fo7ULJ68yPbqxo,354970
XJWKh8nsSqBFfcU0DIHMZohYyCWF-vcA,130,NW_003571038.1,SQ.PLxmtQKhOmeskBBsLNIn1R4HJ72SGkPJ,251823
XJWKh8nsSqBFfcU0DIHMZohYyCWF-vcA,131,NW_004775430.1,SQ.MKP_EAXbLzkKQz7opdTywvcOTtLZfKZf,274521
XJWKh8nsSqBFfcU0DIHMZohYyCWF-vcA,132,NW_003871064.1,SQ.giMav2kqsLax_gSQQy68mT9MjsDIURSQ,3821770
XJWKh8nsSqBFfcU0DIHMZohYyCWF-vcA,133,NW_003571041.1,SQ.6qs0cVz5cg1ixn4oosY3LufJfAztgSji,327774
XJWKh8nsSqBFfcU0DIHMZohYyCWF-vcA,134,NW_003571037.1,SQ.HkHSbMByGbkQoBAzYO8zTxYzXWt8e7i9,356330
XJWKh8nsSqBFfcU0DIHMZohYyCWF-vcA,135,NW_003871065.1,SQ.ExJecHbUrCVxWkCTYNU8OtHlDbw-tJI7,716227
XJWKh8nsSqBFfcU0DIHMZohYyCWF-vcA,136,NW_003315922.2,SQ.ZO3XajuY2WdIU8H0b3dSx5KYK8m9M82O,119183
XJWKh8nsSqBFfcU0DIHMZohYyCWF-vcA,137,NW_003571040.1,SQ.MP5Oidlp7jR1kmjgkTs-PMmVAL093_wA,1284284
XJWKh8nsSqBFfcU0DIHMZohYyCWF-vcA,138,NW_003571042.1,SQ.oX9dgz7hvdPCHQ2ySxFp0_dFiR8TCrdw,608579
XJWKh8nsSqBFfcU0DIHMZohYyCWF-vcA,139,NW_004775431.1,SQ.q6r8D-qniMLKlxAU7znVCJVX1cAC3Psm,228602
XJWKh8nsSqBFfcU0DIHMZohYyCWF-vcA,140,NW_003871066.2,SQ.VF0_IQ8IoEByFDFjRFURqNnrcjId2V-U,102251
XJWKh8nsSqBFfcU0DIHMZohYyCWF-vcA,141,NW_003315923.1,SQ.x4sDr-Kr5wkLjkBo4HYnzPFcfTnRaFdP,429806
XJWKh8nsSqBFfcU0DIHMZohYyCWF-vcA,142,NW_003315924.1,SQ.499Ze6SAR-RGaHRnZSDxj4gOvUR1xVh1,203777
XJWKh8nsSqBFfcU0DIHMZohYyCWF-vcA,143,NW_003315928.1,SQ.Qmg0fzIrKNmbX_QaMvYDZ34Nvzac7d0J,162988
XJWKh8nsSqBFfcU0DIHMZohYyCWF-vcA,144,NW_003871067.1,SQ.T36nv1_QK6P6veHQRyfl5sdsUBut08h9,295379
XJWKh8nsSqBFfcU0DIHMZohYyCWF-vcA,145,NW_003315929.1,SQ.OZtXLFtnb_IngRA_3wo74PtIfGN9zU-j,71551
XJWKh8nsSqBFfcU0DIHMZohYyCWF-vcA,146,NW_003315930.1,SQ.M6XTiISr1Sm1DPXEuWgviX8Y2Ct0viGi,171286
XJWKh8nsSqBFfcU0DIHMZohYyCWF-vcA,147,NW_003315931.1,SQ.xG6X1niZL5ka910ne1W_3IKQG1papFZC,60032
XJWKh8nsSqBFfcU0DIHMZohYyCWF-vcA,148,NW_004504301.1,SQ.GjKyHbO3eTfZwIsvQEhUpNetadH0w4dW,155926
XJWKh8nsSqBFfcU0DIHMZohYyCWF-vcA,149,NW_004070869.1,SQ.4TN2_zia1kax3s2FbzEm8_l3ZM7YTZmF,211307
XJWKh8nsSqBFfcU0DIHMZohYyCWF-vcA,150,NW_003315925.1,SQ.vqdu1YaXoDAVBIEhpc-1RuMdKOCU3LFR,330164
XJWKh8nsSqBFfcU0DIHMZohYyCWF-vcA,151,NW_004070867.1,SQ.BBTbm0Gb4Fx_fASVjO4vRhE-0U0Gh9gQ,22394
XJWKh8nsSqBFfcU0DIHMZohYyCWF-vcA,152,NW_004070868.1,SQ.CobqLTC7QTD3nNmdqLtR6uIn53e0ViWb,169437
XJWKh8nsSqBFfcU0DIHMZohYyCWF-vcA,153,NW_003315926.1,SQ.r-u1Pt9AkWkVimi-ROTfrC7PCA36vkHC,62435
XJWKh8nsSqBFfcU0DIHMZohYyCWF-vcA,154,NW_003315927.1,SQ.bqpEPqgc9Ve93Mvt7baCdRylk8GlXmGX,49281
XJWKh8nsSqBFfcU0DIHMZohYyCWF-vcA,155,NW_003571043.1,SQ.OR93_gJn6V8muXmPfTveyfPPzDs8EK45,168465
XJWKh8nsSqBFfcU0DIHMZohYyCWF-vcA,156,NW_003871071.1,SQ.MsCFc-CHcAzjoInFLyuhPmeRmN2L_ecD,437946
XJWKh8nsSqBFfcU0DIHMZohYyCWF-vcA,157,NW_003315932.1,SQ.-2wMOKUhahXlOxSf7hjSCWQ12S1-iF96,392792
XJWKh8nsSqBFfcU0DIHMZohYyCWF-vcA,158,NW_003315934.1,SQ.ijki8zwyFOmILREuoZz7EKaDeJo6hzK6,179254
XJWKh8nsSqBFfcU0DIHMZohYyCWF-vcA,159,NW_003315935.1,SQ.b5d7dSEHLxpJni97NTBxDyUvjPeOpikI,309802
XJWKh8nsSqBFfcU0DIHMZohYyCWF-vcA,160,NW_003871068.1,SQ.738_UZ9iXX-9TyPzrPB68doUMKkpN7sh,2281126
XJWKh8nsSqBFfcU0DIHMZohYyCWF-vcA,161,NW_004504302.1,SQ.WZ2V7XH5Df3cPLfYeZbc2G2Tl2-h0hsF,305900
XJWKh8nsSqBFfcU0DIHMZohYyCWF-vcA,162,NW_003871070.1,SQ.XpWfvPxOUPGXWxBoxKNQz2tnAbHQTaQO,177920
XJWKh8nsSqBFfcU0DIHMZohYyCWF-vcA,163,NW_004775432.1,SQ.9PVd3YWiiMGiUqATuIJGM4klJA_P1_nc,1020827
XJWKh8nsSqBFfcU0DIHMZohYyCWF-vcA,164,NW_003871069.1,SQ.OR1Odpym5wWBIqE7_OJ5yysONTIFON54,196262
XJWKh8nsSqBFfcU0DIHMZohYyCWF-vcA,165,NW_003315933.1,SQ.tDvnQrjYqu-jjsz7XaCityF40OsLabKG,128378
XJWKh8nsSqBFfcU0DIHMZohYyCWF-vcA,166,NW_004070870.1,SQ.F9IzoXD94rUBIPtkEXiPbHa0vZhVaQgR,93149
XJWKh8nsSqBFfcU0DIHMZohYyCWF-vcA,167,NW_003871075.1,SQ.MEmzzqJFXRHVxbY6lkTJ8nysH6cGcAGa,462282
XJWKh8nsSqBFfcU0DIHMZohYyCWF-vcA,168,NW_003871082.1,SQ.51PUjeWAbT2GqyViSiTuitjc9mwNQhhX,167437
XJWKh8nsSqBFfcU0DIHMZohYyCWF-vcA,169,NW_003315936.1,SQ.YpEMyhzoYs_11s_DfsfaLB8uQo__ffTG,154407
XJWKh8nsSqBFfcU0DIHMZohYyCWF-vcA,170,NW_003571045.1,SQ.WurmRgXgFkbY6-Z7A3A4O_CbjPhqSlos,321004
XJWKh8nsSqBFfcU0DIHMZohYyCWF-vcA,171,NW_003871073.1,SQ.OYD_B_tg1ilN4qmMhHMvRUeF_A1SiBFz,200998
XJWKh8nsSqBFfcU0DIHMZohYyCWF-vcA,172,NW_003871074.1,SQ.H-FcilbhTd1DIsKaCzkabHWNIc7smIfL,191409
XJWKh8nsSqBFfcU0DIHMZohYyCWF-vcA,173,NW_003571046.1,SQ.7p7MPKS-oiqUqWwL80lR42OHfdjfPNDP,276448
XJWKh8nsSqBFfcU0DIHMZohYyCWF-vcA,174,NW_004070871.1,SQ.EZG3Q7xvM2XQ-HQTX5w1BEEmWo-AGqtB,872115
XJWKh8nsSqBFfcU0DIHMZohYyCWF-vcA,175,NW_003871081.1,SQ.zuIA_X-7_vYYNRrLHLlBHVhjRjGbRDrO,191402
XJWKh8nsSqBFfcU0DIHMZohYyCWF-vcA,176,NW_003871079.1,SQ.ksE2s_NOJh6lKWSE1qBB4H9eGNryXVam,240775
XJWKh8nsSqBFfcU0DIHMZohYyCWF-vcA,177,NW_003871077.1,SQ.WwopSwSOxBxmVLoVEgWOsRGqgz9O9IEg,120441
XJWKh8nsSqBFfcU0DIHMZohYyCWF-vcA,178,NW_003871080.1,SQ.XKRBzsLxpYOK2QERzjp3eUwEL4VsPrSX,326647
XJWKh8nsSqBFfcU0DIHMZohYyCWF-vcA,179,NW_003871078.1,SQ.aRccFk90JGe78sHokskst63MtgAXdwVB,546435
XJWKh8nsSqBFfcU0DIHMZohYyCWF-vcA,180,NW_003871072.2,SQ.BKNQeB9RiM5eG9SgCYGoh5ouE_3DQo6X,408430
XJWKh8nsSqBFfcU0DIHMZohYyCWF-vcA,181,NW_003871076.1,SQ.4gY0lzvpaIS8TVtARi5unA8nYYUVX33L,108875
XJWKh8nsSqBFfcU0DIHMZohYyCWF-vcA,182,NW_003571048.1,SQ.Qn00c2PXYdwLY8xGKs-OI2QNv8IcsLya,163298
XJWKh8nsSqBFfcU0DIHMZohYyCWF-vcA,183,NW_003571049.1,SQ.9kvA1SAHFWA7PI91tIMSidKkALqFXbYr,167313
XJWKh8nsSqBFfcU0DIHMZohYyCWF-vcA,184,NW_003871083.2,SQ._mGw7nLU7nsuaIvOQFiVp3JX3npOQrFG,273128
XJWKh8nsSqBFfcU0DIHMZohYyCWF-vcA,185,NW_003571047.1,SQ.xX2Spx7wJ-cJ2ewNkWh6RQDim4XTJuI-,372609
XJWKh8nsSqBFfcU0DIHMZohYyCWF-vcA,186,NW_003571050.1,SQ.MYR92N9ChPkZXxy6nWXbiR5RGKuJWDC0,408271
XJWKh8nsSqBFfcU0DIHMZohYyCWF-vcA,187,NW_003315938.1,SQ.px02pr2p01rDRYZI9Sxa7s9w2sryr_s9,120804
XJWKh8nsSqBFfcU0DIHMZohYyCWF-vcA,188,NW_003315939.1,SQ.XeUTDccSHrgSVlADeBT0eRKf7T9iNbcE,169178
XJWKh8nsSqBFfcU0DIHMZohYyCWF-vcA,189,NW_003315941.1,SQ.qStaAo9HyPxz7yXqUQJpCka0sixGY-6J,138655
XJWKh8nsSqBFfcU0DIHMZohYyCWF-vcA,190,NW_003315942.2,SQ.XKeFO_ksB66EVSh2uK6vlkxZ6iUBuK9e,152874
XJWKh8nsSqBFfcU0DIHMZohYyCWF-vcA,191,NW_004504303.2,SQ.cgK4YFKwaKvmAjXsRllLDHKFwkroYs8x,334922
XJWKh8nsSqBFfcU0DIHMZohYyCWF-vcA,192,NW_003315940.1,SQ.YaOI_5KJtbcZ0VBMd_c-I8BXDhAkN2SK,184319
XJWKh8nsSqBFfcU0DIHMZohYyCWF-vcA,193,NW_003315937.1,SQ.25NlE4s4JcWYeHdkVivjhmijSdmI2jah,165247
XJWKh8nsSqBFfcU0DIHMZohYyCWF-vcA,194,NW_003571051.1,SQ.Pa-WHi40R5v5O6fTx4sCNSft0jPu1UNj,34662
XJWKh8nsSqBFfcU0DIHMZohYyCWF-vcA,195,NW_004166863.1,SQ.MLBidBvXbxC0U0wo6ReZ8y-SfFJW3aLo,1523386
XJWKh8nsSqBFfcU0DIHMZohYyCWF-vcA,196,NW_003315943.1,SQ.clM4cQc78Opxpec7OgoJPN9UBe6YZb1b,296527
XJWKh8nsSqBFfcU0DIHMZohYyCWF-vcA,197,NW_003315944.1,SQ.ESbD7fT401SLprg1F1xuDD07MGVLvSQY,388773
XJWKh8nsSqBFfcU0DIHMZohYyCWF-vcA,198,NW_003871084.1,SQ.D-jSazU4DEhw9xu469tlLkydLjBm9ztH,170033
XJWKh8nsSqBFfcU0DIHMZohYyCWF-vcA,199,NW_003315945.1,SQ.zmOX7gaNMbPsD0e7vAXK-MixMsR7OTwj,192462
XJWKh8nsSqBFfcU0DIHMZohYyCWF-vcA,200,NW_003871085.1,SQ.p9E0xpqkJaAHEoa6DvBpWhjiYt8dgxe0,97345
XJWKh8nsSqBFfcU0DIHMZohYyCWF-vcA,201,NW_003315946.1,SQ.giRZFJqn-yQ2fQFvnUrhZsnhj0j32p5F,89672
XJWKh8nsSqBFfcU0DIHMZohYyCWF-vcA,202,NW_004070872.2,SQ.8pd48-oTW4pEgtShVMwXkor1_-Ht_5Ue,342635
XJWKh8nsSqBFfcU0DIHMZohYyCWF-vcA,203,NW_003315952.2,SQ.dQh3rrLrwthjbU69lkwK5UoljBeyaNVw,270261
XJWKh8nsSqBFfcU0DIHMZohYyCWF-vcA,204,NW_003315951.1,SQ.rgg0_UVDr-WZljtk2QqJBB_2BoBhPTi9,45551
XJWKh8nsSqBFfcU0DIHMZohYyCWF-vcA,205,NW_003315950.2,SQ.CrU8oWuwWaKwbXOB5c9kLSeIiedR5vgb,644425
XJWKh8nsSqBFfcU0DIHMZohYyCWF-vcA,206,NW_004775433.1,SQ.zTYY1t6u6dZ6lZKW3WNg5XpuDX-9_DFc,341712
XJWKh8nsSqBFfcU0DIHMZohYyCWF-vcA,207,NW_003871090.1,SQ.fjVgcqDGfd4px40-W6xw-U5nG4NOu4BU,194862
XJWKh8nsSqBFfcU0DIHMZohYyCWF-vcA,208,NW_004166864.2,SQ.GktC5FwC2AJ6GRknL_WeFjY4C8GqAYdr,211416
XJWKh8nsSqBFfcU0DIHMZohYyCWF-vcA,209,NW_003315949.1,SQ.UNOrkSBQB-cjLTZJmzje0Ha00wta0zNH,534288
XJWKh8nsSqBFfcU0DIHMZohYyCWF-vcA,210,NW_003315948.2,SQ.He0spYDVowJohepGfwqbx9DZGAi_HUU6,338640
XJWKh8nsSqBFfcU0DIHMZohYyCWF-vcA,211,NW_003871091.1,SQ.r5bz8vNOqnaVR5i7NNDPRLc-7lKy0Ofn,278131
XJWKh8nsSqBFfcU0DIHMZohYyCWF-vcA,212,NW_003871093.1,SQ.W2U0LNWky9tgPEcAKkeNu9nNMx_3JqRx,88070
XJWKh8nsSqBFfcU0DIHMZohYyCWF-vcA,213,NW_003871092.1,SQ.Wczr0fr52D0g46F3glnGBbMaYof04RBg,70345
XJWKh8nsSqBFfcU0DIHMZohYyCWF-vcA,214,NW_003315953.1,SQ.PicBvCAbnUSFqhnuDDn_cXIthleuDjzO,133151
XJWKh8nsSqBFfcU0DIHMZohYyCWF-vcA,215,NW_003571052.1,SQ.Vsty5A8LDaO_gs6s9tUC5wsBgTopvI8J,412535
XJWKh8nsSqBFfcU0DIHMZohYyCWF-vcA,216,NW_003871086.1,SQ.k80yhRiieoe9tTxxKGmkLqlXKtmEK4pC,454385
XJWKh8nsSqBFfcU0DIHMZohYyCWF-vcA,217,NW_003315947.1,SQ.8Wv5t77Yt0CjX3nviWc8xnyco-uUb2Ad,457041
XJWKh8nsSqBFfcU0DIHMZohYyCWF-vcA,218,NW_003871088.1,SQ.kX8PXrSS4vXfVpVbPh1G2Orzl2hi5VnU,388340
XJWKh8nsSqBFfcU0DIHMZohYyCWF-vcA,219,NW_003315954.1,SQ.rr0K6q_aJbcKQEUuis8ZStFj8IcsS9fD,223995
XJWKh8nsSqBFfcU0DIHMZohYyCWF-vcA,220,NW_003315955.1,SQ.OQeFEy4Y9B9Ul3Lyh-5tE74hhxF5S5pJ,90219
XJWKh8nsSqBFfcU0DIHMZohYyCWF-vcA,221,NW_003871089.1,SQ.hEYRZ9UuRu-b5AYDeKeGMgOsBSguVp9H,376223
XJWKh8nsSqBFfcU0DIHMZohYyCWF-vcA,222,NW_003871087.1,SQ.rYg5vNx6PQKiXLKvBwbeeoE8oMvXOXTx,186059
XJWKh8nsSqBFfcU0DIHMZohYyCWF-vcA,223,NW_003315956.1,SQ.jpgI9PKjFFcmRJ6DhA24-SlqBP_WbtsJ,289831
XJWKh8nsSqBFfcU0DIHMZohYyCWF-vcA,224,NW_003315959.1,SQ.ZYJJjBBGlSiWL1A3IO2pElqttFsmWCNr,164789
XJWKh8nsSqBFfcU0DIHMZohYyCWF-vcA,225,NW_003315960.1,SQ.8L1QChyEhTJ0Ou0JUEEpP0H-xCoiue1N,198278
XJWKh8nsSqBFfcU0DIHMZohYyCWF-vcA,226,NW_003315957.1,SQ.mpHjLXhnMYfgLLGk6F1q7Le-oXDnoCle,104552
XJWKh8nsSqBFfcU0DIHMZohYyCWF-vcA,227,NW_003315958.1,SQ.9w5J0y1MZcOf2S21GLX_5zYnF-PueMx7,167950
XJWKh8nsSqBFfcU0DIHMZohYyCWF-vcA,228,NW_003315961.1,SQ.R_hppUEtKijn0V73Hqu0lou2oQtPo-ux,159547
XJWKh8nsSqBFfcU0DIHMZohYyCWF-vcA,229,NW_003871094.1,SQ.SQvGwTlxHEf9a3bBWF-mR1kNVBrQnnh6,245473
XJWKh8nsSqBFfcU0DIHMZohYyCWF-vcA,230,NW_003571053.2,SQ.Z51NXkflKbfrM39z43fpzzVDaLHBzUDt,580393
XJWKh8nsSqBFfcU0DIHMZohYyCWF-vcA,231,NW_003315962.1,SQ._lEIvT8iHL5XGdl6XibP4GC1MeBuoEiD,385657
XJWKh8nsSqBFfcU0DIHMZohYyCWF-vcA,232,NW_003315964.2,SQ.Ke3kTlQ21XVYX7avwlj8LDiX5S1cmbPf,170222
XJWKh8nsSqBFfcU0DIHMZohYyCWF-vcA,233,NW_003315965.1,SQ.v7pqSi3AgQ6DH4MDZlApxD5wXNukCNnW,188024
XJWKh8nsSqBFfcU0DIHMZohYyCWF-vcA,234,NW_003315963.1,SQ.BQKSjIS0iYDDXXE5mB9WAb_4H0fYtn1X,155864
XJWKh8nsSqBFfcU0DIHMZohYyCWF-vcA,235,NW_004775434.1,SQ.5E1PxF3L7JrKMS_BZ3AIFO2JEGRn3FEg,579598
XJWKh8nsSqBFfcU0DIHMZohYyCWF-vcA,236,NW_004166865.1,SQ.ygxOeYuVhn0JnZ2jfXn9LOptgaEYSLdX,1058686
XJWKh8nsSqBFfcU0DIHMZohYyCWF-vcA,237,NW_003571054.1,SQ.R_21atTkM2V4WyOFLQ8p74B6bfH07ZOs,987716
XJWKh8nsSqBFfcU0DIHMZohYyCWF-vcA,238,NW_003571055.1,SQ.gY2EXGHOJLZQrFoYmXryCFvljGStGA7X,729519
XJWKh8nsSqBFfcU0DIHMZohYyCWF-vcA,239,NW_003571056.1,SQ.9wgAcGZ6Z8FRG-ci-y9hijWzg1LEueb9,1064303
XJWKh8nsSqBFfcU0DIHMZohYyCWF-vcA,240,NW_003571057.1,SQ.7WarMT6pVI6hCrnBl_GJLgurKTN2rH-1,1091840
XJWKh8nsSqBFfcU0DIHMZohYyCWF-vcA,241,NW_003571058.1,SQ.PAGa3Ek55XVwfClQ2A6PVAIJtl565JYa,1066389
XJWKh8nsSqBFfcU0DIHMZohYyCWF-vcA,242,NW_003571059.1,SQ.FWiM227xWvon14ZANgTVkjrtiAdQELba,1002682
XJWKh8nsSqBFfcU0DIHMZohYyCWF-vcA,243,NW_003571060.1,SQ.uIWxPT82_D_Q8jorfznOy58_tsn3ssG5,987100
XJWKh8nsSqBFfcU0DIHMZohYyCWF-vcA,244,NW_003571061.1,SQ.aS6I33pVFc46cWhJAqh9_N6PxBFHM8qT,796478
XJWKh8nsSqBFfcU0DIHMZohYyCWF-vcA,245,NW_003315966.1,SQ.MZ053lXmAB5p0asRHn4waM2Oegb6Op8r,128385
XJWKh8nsSqBFfcU0DIHMZohYyCWF-vcA,246,NW_003871095.1,SQ.6FO4t2Q2zWcYDWrduHgv1951yvJ_YeDf,70483
XJWKh8nsSqBFfcU0DIHMZohYyCWF-vcA,247,NW_004504304.1,SQ.6vB1NDw4x2ACzR8hDqznMK5NjPvm_uR7,283551
XJWKh8nsSqBFfcU0DIHMZohYyCWF-vcA,248,NW_003571063.2,SQ.RI8YcAlEnHAQxAsHhTVKm6JYJkZZQLXv,179899
XJWKh8nsSqBFfcU0DIHMZohYyCWF-vcA,249,NW_003315967.1,SQ.v1AJJQUgze3G_ou3DwA1O469PusBn71i,63917
XJWKh8nsSqBFfcU0DIHMZohYyCWF-vcA,250,NW_003315968.1,SQ.-4RHunVErOdAntqQMJf9mzg5McCgBdjz,201198
XJWKh8nsSqBFfcU0DIHMZohYyCWF-vcA,251,NW_003315969.1,SQ.-bIfz9v4udbclsaZpxRQ59nTjEQuHn-q,74652
XJWKh8nsSqBFfcU0DIHMZohYyCWF-vcA,252,NW_003315970.1,SQ.KSNmrcRDmeKg8iycf2pvv0XF1QXqHznx,116690
XJWKh8nsSqBFfcU0DIHMZohYyCWF-vcA,253,NW_004775435.1,SQ.ZbbiRjUQ0E8nFhIRYPhRjHeU3Ps7C_jQ,307252
XJWKh8nsSqBFfcU0DIHMZohYyCWF-vcA,254,NW_004070874.1,SQ.RFspaz8KuZeAjhg97VcWrvIm1YNWTE5T,70876
XJWKh8nsSqBFfcU0DIHMZohYyCWF-vcA,255,NW_004070873.1,SQ.NklPR_rcol19F3QEuGTiO9iefV48ayEG,167183
XJWKh8nsSqBFfcU0DIHMZohYyCWF-vcA,256,NW_004070875.1,SQ.cPTPJSOxH4cLytgmuI6XhPo3RXiuxwNK,73505
XJWKh8nsSqBFfcU0DIHMZohYyCWF-vcA,257,NW_003871096.1,SQ.NosnoAr05Fd_6zTHFcah6VvMCWrDO-Bq,212298
XJWKh8nsSqBFfcU0DIHMZohYyCWF-vcA,258,NW_003315972.1,SQ.OCxsmG38EKgjAWmbmAg1Wb5-tX6dssfl,96924
XJWKh8nsSqBFfcU0DIHMZohYyCWF-vcA,259,NW_003315971.2,SQ.4UtsO5P3uzzKS5LrK3MtXFpkYV3PWDQ_,162811
XJWKh8nsSqBFfcU0DIHMZohYyCWF-vcA,260,NW_004504305.1,SQ.Bws6DcGku3rCWV-zaFzazkqAeCpgdsji,74013
XJWKh8nsSqBFfcU0DIHMZohYyCWF-vcA,261,NW_004070876.1,SQ.EscTBUeZKbDEPWsKtm8MrwYypUQDWza8,43543
XJWKh8nsSqBFfcU0DIHMZohYyCWF-vcA,262,NW_003571064.2,SQ.tXjseBXWiUMj9eX9oT_eJLer9IxUjBSn,284527
XJWKh8nsSqBFfcU0DIHMZohYyCWF-vcA,263,NW_003871098.1,SQ.ja0KWvV0Ze72dMoFEtvonHUwXvQGB0Qe,898979
XJWKh8nsSqBFfcU0DIHMZohYyCWF-vcA,264,NW_003871099.1,SQ.2QR7W9VM3BUBu-bYmzKd9JLgdb3kkcvB,522319
XJWKh8nsSqBFfcU0DIHMZohYyCWF-vcA,265,NW_004070879.1,SQ.1kDCj75Ih0ytr07O6dIA2HrzJ5bpqDec,270630
XJWKh8nsSqBFfcU0DIHMZohYyCWF-vcA,266,NW_004166866.1,SQ.LsLYm8dukNGcepXQMROiUe-cYSoK-v0Z,469972
XJWKh8nsSqBFfcU0DIHMZohYyCWF-vcA,267,NW_004070880.2,SQ.GfmWuL_X-EREJd5Wa9_xXT7NMgf5VX17,2418393
XJWKh8nsSqBFfcU0DIHMZohYyCWF-vcA,268,NW_004070877.1,SQ.c0eeYicfOKzSW6ofDCvwEBhzlUzBQux0,4110759
XJWKh8nsSqBFfcU0DIHMZohYyCWF-vcA,269,NW_004070881.1,SQ.AcjWF9uDMtDnkREntLucxVKv0FLkU4_-,882083
XJWKh8nsSqBFfcU0DIHMZohYyCWF-vcA,270,NW_004070882.1,SQ.eRLt82u5vgT7iWJGp2H_1sibK_IaZGEQ,835911
XJWKh8nsSqBFfcU0DIHMZohYyCWF-vcA,271,NW_003871100.1,SQ.kby0urqnMlReGOFQ6aGR5caN6j3sbWIY,1461188
XJWKh8nsSqBFfcU0DIHMZohYyCWF-vcA,272,NW_003871101.3,SQ.9m8kIv2c3Gu2lO0QiVb36Ca4LfGoUlxw,752267
XJWKh8nsSqBFfcU0DIHMZohYyCWF-vcA,273,NW_004070883.1,SQ.P43wBBDjAn9kCSorDxqSIGhfY9tUUgo0,389631
XJWKh8nsSqBFfcU0DIHMZohYyCWF-vcA,274,NW_004070884.1,SQ.dlU6Hx_qdb_E9hZLWvMMiiDybJeVtKlI,390496
XJWKh8nsSqBFfcU0DIHMZohYyCWF-vcA,275,NW_004070885.1,SQ.4LAplxkttGPS0J08njLBPo2l00fQcTNn,444074
XJWKh8nsSqBFfcU0DIHMZohYyCWF-vcA,276,NW_003871102.1,SQ.pVEhJCo0SKGKdq8HvN_orgvej7Ru3zT5,65034
XJWKh8nsSqBFfcU0DIHMZohYyCWF-vcA,277,NW_004070878.1,SQ.4irlBeCQ5rmAyWqZn31K8ZpThobzfzmS,862483
XJWKh8nsSqBFfcU0DIHMZohYyCWF-vcA,278,NW_004070891.1,SQ.fk6qUjP_QRwnheqldrr0fYw3Mle_LIyW,1389764
XJWKh8nsSqBFfcU0DIHMZohYyCWF-vcA,279,NW_004070892.1,SQ.-tZxgs19OuQcNfkbfnbNm8SmkdKpdBK4,713266
XJWKh8nsSqBFfcU0DIHMZohYyCWF-vcA,280,NW_004070893.1,SQ.KKljB20e6C4AnARGfHc-2fHIV_49_UHk,182949
XJWKh8nsSqBFfcU0DIHMZohYyCWF-vcA,281,NW_004070886.1,SQ.TjaDttIx1DipzRLLW-WdFssaLVqavk03,413927
XJWKh8nsSqBFfcU0DIHMZohYyCWF-vcA,282,NW_004070887.1,SQ.9i1AWyJtZplGpqX68JjPc0MlSobZUmC5,1045622
XJWKh8nsSqBFfcU0DIHMZohYyCWF-vcA,283,NW_004070888.1,SQ.QoCrGR87hLr2U9dy71eeQbjFmIBbUMFS,899320
XJWKh8nsSqBFfcU0DIHMZohYyCWF-vcA,284,NW_004070889.1,SQ.c-xC99OasC1IQuwndBYQ9SuQdwXk0NBS,1214327
XJWKh8nsSqBFfcU0DIHMZohYyCWF-vcA,285,NW_004070890.2,SQ.AsW-Hlhu5IqtnVr0ozIe9QRDt4CArtZa,6530008
XJWKh8nsSqBFfcU0DIHMZohYyCWF-vcA,286,NW_003871103.3,SQ.M1PfvbbxhMXzJy38TPoXvz_Fsf_3C7p4,3110903
XJWKh8nsSqBFfcU0DIHMZohYyCWF-vcA,287,NT_167244.1,SQ.hJnTxfgkT6s9rxRL_FkTMRruJ1AT9aGQ,4622290
XJWKh8nsSqBFfcU0DIHMZohYyCWF-vcA,288,NT_113891.2,SQ.H_D-fxywmcrWCqQDfOWJffTjaP6BRFjh,4795371
XJWKh8nsSqBFfcU0DIHMZohYyCWF-vcA,289,NT_167245.1,SQ._FGFw4esfBumSKW-W0ewtvrRPUjJpTmj,4610396
XJWKh8nsSqBFfcU0DIHMZohYyCWF-vcA,290,NT_167246.1,SQ.j1e07Wg72Y3X6Zk1hOR7-P1aoHzX6kql,4683263
XJWKh8nsSqBFfcU0DIHMZohYyCWF-vcA,291,NT_167247.1,SQ.Uy4MQ3An2cGbwvHghzWyQw6U0DWdpZsD,4833398
XJWKh8nsSqBFfcU0DIHMZohYyCWF-vcA,292,NT_167248.1,SQ.9eCeuJy8HFRbkeC9SwZEf6OR-Xw9YesS,4611984
XJWKh8nsSqBFfcU0DIHMZohYyCWF-vcA,293,NT_167249.1,SQ.iZPELjwrn3QLR9cnDzUZHNGAcLbP4fxb,4928567
XJWKh8nsSqBFfcU0DIHMZohYyCWF-vcA,294,NT_167250.1,SQ.drs1haorZ1b1ZtdR5ustN1Xa_5olVytr,590426
XJWKh8nsSqBFfcU0DIHMZohYyCWF-vcA,295,NT_167251.1,SQ.sJxlVlgF8Gw1eAW4n0-G1u1EGgM2W_qo,1680828
XJWKh8nsSqBFfcU0DIHMZohYyCWF-vcA,296,NC_012920.1,SQ.k3grVkjY-hoWcCUojHw6VU6GE3MZ8Sct,16569
XemD97fxYMS4q-FBm_n5CHQgmzh1_67a,0,NC_000001.11,SQ.Ya6Rs7DHhDeg7YaOSg1EoNi3U_nQ9SvO,248956422
XemD97fxYMS4q-FBm_n5CHQgmzh1_67a,1,NT_187361.1,SQ.okgtEs0DCmkmjr_v44IdOe1ryLBi-sgX,175055
XemD97fxYMS4q-FBm_n5CHQgmzh1_67a,2,NT_187362.1,SQ._8ce8l5F3z9WikmpRdxGAF7nV73j_ql6,32032
XemD97fxYMS4q-FBm_n5CHQgmzh1_67a,3,NT_187363.1,SQ.Q3uO3tBy4rEk2doAT5RErajZDnO3NYXn,127682
XemD97fxYMS4q-FBm_n5CHQgmzh1_67a,4,NT_187364.1,SQ.SZbCT69Typl0CHo8XCuTJQPtWtPp41SK,66860
XemD97fxYMS4q-FBm_n5CHQgmzh1_67a,5,NT_187365.1,SQ.MvS9OEU0ldkIVyhI9sjlGLz_Xab7QMVi,40176
XemD97fxYMS4q-FBm_n5CHQgmzh1_67a,6,NT_187366.1,SQ.2jZ5Lef7x4Vq6-91MsEwRX25EIhxKmBv,42210
XemD97fxYMS4q-FBm_n5CHQgmzh1_67a,7,NT_187367.1,SQ.bmj6ZNLywBdBQAT_MPbShYgYkxalJOtc,176043
XemD97fxYMS4q-FBm_n5CHQgmzh1_67a,8,NT_187368.1,SQ.QQ5hn1CY5aDzn8TdrkZ7koEaRSrugq2f,40745
XemD97fxYMS4q-FBm_n5CHQgmzh1_67a,9,NT_187369.1,SQ.EZrqi-t8P7zw5KgeeTYANzZJFfHAAotB,41717
XemD97fxYMS4q-FBm_n5CHQgmzh1_67a,10,NC_000002.12,SQ.pnAqCRBrTsUoBghSD1yp_jXWSmlbdh4g,242193529
XemD97fxYMS4q-FBm_n5CHQgmzh1_67a,11,NT_187370.1,SQ.viZKeEZQfWivgcXlUlmIH2MkU_KeaxWm,161471
XemD97fxYMS4q-FBm_n5CHQgmzh1_67a,12,NT_187371.1,SQ.4B1F4oQX-aalUfQzIGiGSNqfMPjtbK8O,153799
XemD97fxYMS4q-FBm_n5CHQgmzh1_67a,13,NC_000003.12,SQ.Zu7h9AggXxhTaGVsy7h_EZSChSZGcmgX,198295559
XemD97fxYMS4q-FBm_n5CHQgmzh1_67a,14,NT_167215.1,SQ.4B6-ZKomKbCP3qJdfB8XKcD2ENOifPCf,155397
XemD97fxYMS4q-FBm_n5CHQgmzh1_67a,15,NC_000004.12,SQ.HxuclGHh0XCDuF8x6yQrpHUBL7ZntAHc,190214555
XemD97fxYMS4q-FBm_n5CHQgmzh1_67a,16,NT_113793.3,SQ.au9Wj9AQZTJdljZ35xQkr5s5SbLOrGDT,209709
XemD97fxYMS4q-FBm_n5CHQgmzh1_67a,17,NC_000005.10,SQ.aUiQCzCPZ2d0csHbMSbh2NzInhonSXwI,181538259
XemD97fxYMS4q-FBm_n5CHQgmzh1_67a,18,NT_113948.1,SQ.xg302f-VLyLkkjPMrv8ejUHv4XrETznB,92689
XemD97fxYMS4q-FBm_n5CHQgmzh1_67a,19,NC_000006.12,SQ.0iKlIQk2oZLoeOG9P1riRU6hvL5Ux8TV,170805979
XemD97fxYMS4q-FBm_n5CHQgmzh1_67a,20,NC_000007.14,SQ.F-LrLMe1SRpfUZHkQmvkVKFEGaoDeHul,159345973
XemD97fxYMS4q-FBm_n5CHQgmzh1_67a,21,NC_000008.11,SQ.209Z7zJ-mFypBEWLk4rNC6S_OxY5p7bs,145138636
XemD97fxYMS4q-FBm_n5CHQgmzh1_67a,22,NC_000009.12,SQ.KEO-4XBcm1cxeo_DIQ8_ofqGUkp4iZhI,138394717
XemD97fxYMS4q-FBm_n5CHQgmzh1_67a,23,NT_187372.1,SQ.BigIyI3QfVcuJ_DY1bDpn7S3OZDeWepW,40062
XemD97fxYMS4q-FBm_n5CHQgmzh1_67a,24,NT_187373.1,SQ.vP7iAgOn0tE-Z8r6N3OhXoEBHm5qkPww,38054
XemD97fxYMS4q-FBm_n5CHQgmzh1_67a,25,NT_187374.1,SQ.UpAU2RxXhtmXwip54NaWA7_iVaHV86H_,176845
XemD97fxYMS4q-FBm_n5CHQgmzh1_67a,26,NT_187375.1,SQ.DhsZh12tahSItS53KzsS7GX8wqc4bL-T,39050
XemD97fxYMS4q-FBm_n5CHQgmzh1_67a,27,NC_000010.11,SQ.ss8r_wB0-b9r44TQTMmVTI92884QvBiB,133797422
XemD97fxYMS4q-FBm_n5CHQgmzh1_67a,28,NC_000011.10,SQ.2NkFm8HK88MqeNkCgj78KidCAXgnsfV1,135086622
XemD97fxYMS4q-FBm_n5CHQgmzh1_67a,29,NT_187376.1,SQ.AhP81OHpo8WmXgWrmSbwzexaFKNa3m8d,100316
XemD97fxYMS4q-FBm_n5CHQgmzh1_67a,30,NC_000012.12,SQ.6wlJpONE3oNb4D69ULmEXhqyDZ4vwNfl,133275309
XemD97fxYMS4q-FBm_n5CHQgmzh1_67a,31,NC_000013.11,SQ._0wi-qoDrvram155UmcSC-zA5ZK4fpLT,114364328
XemD97fxYMS4q-FBm_n5CHQgmzh1_67a,32,NC_000014.9,SQ.eK4D2MosgK_ivBkgi6FVPg5UXs1bYESm,107043718
XemD97fxYMS4q-FBm_n5CHQgmzh1_67a,33,NT_113796.3,SQ.K_ieIfNIy1Ktulg8QSlhvJvm_1uQOtjD,201709
XemD97fxYMS4q-FBm_n5CHQgmzh1_67a,34,NT_167219.1,SQ.KuhqeekACzuyI14I7mL58jVhKFU3Sm_6,211173
XemD97fxYMS4q-FBm_n5CHQgmzh1_67a,35,NT_187377.1,SQ.YgNzI4wbLo1nMEFzDyNIbj5tDLPehvB5,194050
XemD97fxYMS4q-FBm_n5CHQgmzh1_67a,36,NT_113888.1,SQ.WyYCLC4VxJvbBz2b_wBWF5BdQotiUVdB,191469
XemD97fxYMS4q-FBm_n5CHQgmzh1_67a,37,NT_187378.1,SQ._d5lr3gQr1_trmVx4lU81rTEN8xNLmxc,38115
XemD97fxYMS4q-FBm_n5CHQgmzh1_67a,38,NT_187379.1,SQ.o0LCyl_OhEGuybycNH1TadSm9b8q6wuz,39555
XemD97fxYMS4q-FBm_n5CHQgmzh1_67a,39,NT_187380.1,SQ.XqQFT2CFmizvqSSAFOK5n8yAtrQMpq01,172810
XemD97fxYMS4q-FBm_n5CHQgmzh1_67a,40,NT_187381.1,SQ.aIC_CWyHqvjSCj1cl9xwoYvDu0CD4CRX,43739
XemD97fxYMS4q-FBm_n5CHQgmzh1_67a,41,NC_000015.10,SQ.AsXvWL1-2i5U_buw6_niVIxD6zTbAuS6,101991189
XemD97fxYMS4q-FBm_n5CHQgmzh1_67a,42,NT_187382.1,SQ.g1ko5PoH_AMkMOJA5I5iAsj2HRMdoXt2,448248
XemD97fxYMS4q-FBm_n5CHQgmzh1_67a,43,NC_000016.10,SQ.yC_0RBj3fgBlvgyAuycbzdubtLxq-rE0,90338345
XemD97fxYMS4q-FBm_n5CHQgmzh1_67a,44,NT_187383.1,SQ.b85GOvHcLhKB5UzO54jFwrXe2HKwfQab,1872759
XemD97fxYMS4q-FBm_n5CHQgmzh1_67a,45,NC_000017.11,SQ.dLZ15tNO1Ur0IcGjwc3Sdi_0A6Yf4zm7,83257441
XemD97fxYMS4q-FBm_n5CHQgmzh1_67a,46,NT_113930.2,SQ.SY1vuAfNO9QdpxZZiP6LzYAvmpXSVwtP,185591
XemD97fxYMS4q-FBm_n5CHQgmzh1_67a,47,NT_187384.1,SQ.FG-aJRTsNPoh6CI3TyH5R3dX4tSX1RYz,280839
XemD97fxYMS4q-FBm_n5CHQgmzh1_67a,48,NT_187385.1,SQ.pLSdWslH4snX9PEM58OmHaOvSZpcx-iY,112551
XemD97fxYMS4q-FBm_n5CHQgmzh1_67a,49,NC_000018.10,SQ.vWwFhJ5lQDMhh-czg06YtlWqu0lvFAZV,80373285
XemD97fxYMS4q-FBm_n5CHQgmzh1_67a,50,NC_000019.10,SQ.IIB53T8CNeJJdUqzn9V_JnRtQadwWCbl,58617616
XemD97fxYMS4q-FBm_n5CHQgmzh1_67a,51,NC_000020.11,SQ.-A1QmD_MatoqxvgVxBLZTONHz9-c7nQo,64444167
XemD97fxYMS4q-FBm_n5CHQgmzh1_67a,52,NC_000021.9,SQ.5ZUqxCmDDgN4xTRbaSjN8LwgZironmB8,46709983
XemD97fxYMS4q-FBm_n5CHQgmzh1_67a,53,NC_000022.11,SQ.7B7SHsmchAR0dFcDCuSFjJAo7tX87krQ,50818468
XemD97fxYMS4q-FBm_n5CHQgmzh1_67a,54,NT_187386.1,SQ.cufLdFcVlV7oAkQv33aPv_cMjDtaY77f,150754
XemD97fxYMS4q-FBm_n5CHQgmzh1_67a,55,NT_187387.1,SQ.dEH0fJtUnIxkyUq1EaNH_NbLIl6v54Md,41543
XemD97fxYMS4q-FBm_n5CHQgmzh1_67a,56,NT_187388.1,SQ.PCEl4_JZYAoEuSsG3HL2YR6AJ5DcRglz,179772
XemD97fxYMS4q-FBm_n5CHQgmzh1_67a,57,NT_187389.1,SQ.YMVH9hynzhX7jFuljLYBRj5plZj_aY6i,165050
XemD97fxYMS4q-FBm_n5CHQgmzh1_67a,58,NT_187390.1,SQ.dLc_hFQMD4mA0XaddSks68eyXxdWxkAG,42811
XemD97fxYMS4q-FBm_n5CHQgmzh1_67a,59,NT_187391.1,SQ.LwWuUnUfybOKDgkhEOYvRjat-JKJBtrH,181920
XemD97fxYMS4q-FBm_n5CHQgmzh1_67a,60,NT_187392.1,SQ.9r249PLmoffyCFtwU8iAsHO-rd04vwjU,103838
XemD97fxYMS4q-FBm_n5CHQgmzh1_67a,61,NT_187393.1,SQ.cACt-RmXgBRdwPfOzltFbwDwKoo_GuMn,99375
XemD97fxYMS4q-FBm_n5CHQgmzh1_67a,62,NT_187394.1,SQ.dj2HV8_ASYLU3cdll0otT1NUD3Zg9qXh,73985
XemD97fxYMS4q-FBm_n5CHQgmzh1_67a,63,NC_000023.11,SQ.w0WZEvgJF0zf_P4yyTzjjv9oW1z61HHP,156040895
XemD97fxYMS4q-FBm_n5CHQgmzh1_67a,64,NC_000024.10,SQ.8_liLu1aycC0tPQPFmUaGXJLDs5SbPZ5,57227415
XemD97fxYMS4q-FBm_n5CHQgmzh1_67a,65,NT_187395.1,SQ.YmC9wASHjb31TtJqTT4ke2i0mVYtcfW3,37240
XemD97fxYMS4q-FBm_n5CHQgmzh1_67a,66,NT_187396.1,SQ.wfo09nA2zMYzKLs7T40qVnqdLhYDemX8,2274
XemD97fxYMS4q-FBm_n5CHQgmzh1_67a,67,NT_187397.1,SQ.9s_zmYLHrvNOiP5Yjy_Rcz-omO-Aptb0,2165
XemD97fxYMS4q-FBm_n5CHQgmzh1_67a,68,NT_187398.1,SQ.Cslp95echUr2c3YHx1XN6SYaBpKHx3FZ,1942
XemD97fxYMS4q-FBm_n5CHQgmzh1_67a,69,NT_187399.1,SQ.QYhy0AixhoksTTTjDGiZAa9_voPQjsd0,1472
XemD97fxYMS4q-FBm_n5CHQgmzh1_67a,70,NT_187400.1,SQ.FgYozfBAkO9vR3nB463Ms4Z7kmkLwap8,21476
XemD97fxYMS4q-FBm_n5CHQgmzh1_67a,71,NT_187401.1,SQ.vEUEOR8vm2bUdbNttqz7BzDQoUkvNvQi,4416
XemD97fxYMS4q-FBm_n5CHQgmzh1_67a,72,NT_187402.1,SQ.2cvfzZ7UwkdYkqg00nyN1AFQOvuFVM-9,1201
XemD97fxYMS4q-FBm_n5CHQgmzh1_67a,73,NT_187403.1,SQ.iH-N-G6Vjrvtw2fI2ePe60OaSSxESuXT,1444
XemD97fxYMS4q-FBm_n5CHQgmzh1_67a,74,NT_187404.1,SQ.3-UVYU0k2zXt2WUqfakC5z45FZQUWUxz,2276
XemD97fxYMS4q-FBm_n5CHQgmzh1_67a,75,NT_187405.1,SQ.knIogkkzIS8j1yaYvyhp5jT3dDQuIby1,998
XemD97fxYMS4q-FBm_n5CHQgmzh1_67a,76,NT_187406.1,SQ.BnQjnH6q_lqHCyYLG_WLEDKaCex3Uapu,12399
XemD97fxYMS4q-FBm_n5CHQgmzh1_67a,77,NT_187407.1,SQ.4N0fxRAxFCmrIVJjaxfkY96Piqt5t-zQ,37690
XemD97fxYMS4q-FBm_n5CHQgmzh1_67a,78,NT_187408.1,SQ.5sH5f1aQvsWuL4Cx1S60J2SDZo7SW2st,1179
XemD97fxYMS4q-FBm_n5CHQgmzh1_67a,79,NT_187409.1,SQ.ZGObj8YpBRGFr0F-vIhWOqmW7xPYgYR3,2646
XemD97fxYMS4q-FBm_n5CHQgmzh1_67a,80,NT_187410.1,SQ.M2WH6UNhx2LtMK0_siM3_bY2LOp_xx0M,2489
XemD97fxYMS4q-FBm_n5CHQgmzh1_67a,81,NT_187411.1,SQ.zVacv_BXXeETKqyBxBHY96_6JBJ-VTPk,1029
XemD97fxYMS4q-FBm_n5CHQgmzh1_67a,82,NT_187412.1,SQ.7AFep_S92lWEOHQO3mUGnbrteitf8Ulm,2145
XemD97fxYMS4q-FBm_n5CHQgmzh1_67a,83,NT_187413.1,SQ.9ZClCJm6gV6BUrh6we4ytWTLE1qg5VSn,2321
XemD97fxYMS4q-FBm_n5CHQgmzh1_67a,84,NT_187414.1,SQ.XP3tANME4GZk3aV6pz1dufNwvE3VQFOY,2140
XemD97fxYMS4q-FBm_n5CHQgmzh1_67a,85,NT_187415.1,SQ.aTXRWgChxFp-RQF09Rb_ICg_3AEcSY1y,2043
XemD97fxYMS4q-FBm_n5CHQgmzh1_67a,86,NT_187416.1,SQ.v2Ns4FHctW5ktrbYhRxDBBco1QmGQOGT,1445
XemD97fxYMS4q-FBm_n5CHQgmzh1_67a,87,NT_187417.1,SQ.43QwJO14EHFTfWtSI3yZD4Cr4Z8AAAab,981
XemD97fxYMS4q-FBm_n5CHQgmzh1_67a,88,NT_187418.1,SQ.ienjuw0fwaZchW5kZctEIYj9c2mgCUkY,1884
XemD97fxYMS4q-FBm_n5CHQgmzh1_67a,89,NT_187419.1,SQ.0AKJ3MrG77ecu-amzGhOoIkdw0Tx-YHu,1361
XemD97fxYMS4q-FBm_n5CHQgmzh1_67a,90,NT_187420.1,SQ.HImND0cIlPCdycJ2DwnTMpO7nb-njdnZ,392061
XemD97fxYMS4q-FBm_n5CHQgmzh1_67a,91,NT_187421.1,SQ.eiNRy0nVH47HBRsjf7s3dDjB7WXIL2pV,1233
XemD97fxYMS4q-FBm_n5CHQgmzh1_67a,92,NT_187422.1,SQ.f9DNt75sBx2Emm-JwtOnW_bXy6yaKxhh,1774
XemD97fxYMS4q-FBm_n5CHQgmzh1_67a,93,NT_187423.1,SQ.F8qtboG1CtuwXhSfcIDuNh7hCtCiJPLH,3920
XemD97fxYMS4q-FBm_n5CHQgmzh1_67a,94,NT_187424.1,SQ.OL8YZe5yEY3GPXh38qaVbtHm4uEcSm_J,92983
XemD97fxYMS4q-FBm_n5CHQgmzh1_67a,95,NT_187425.1,SQ.AAz_X-pX0qB38aQc6x_FTOb2jn_5UT7a,112505
XemD97fxYMS4q-FBm_n5CHQgmzh1_67a,96,NT_187426.1,SQ.yXkS4EDCKnGK57G14mpSTk4nfOUcoo0f,4055
XemD97fxYMS4q-FBm_n5CHQgmzh1_67a,97,NT_187427.1,SQ.bw9OPnim5Pk-DVhl06CK4_rdk92ET07a,2415
XemD97fxYMS4q-FBm_n5CHQgmzh1_67a,98,NT_187428.1,SQ.mP7TEDahg_9flBgsQ09FRJI9G1iS8tz7,2318
XemD97fxYMS4q-FBm_n5CHQgmzh1_67a,99,NT_187429.1,SQ.6gvPDcssO8yJbYwnRwcOdz7Ps4FeCiDP,2186
XemD97fxYMS4q-FBm_n5CHQgmzh1_67a,100,NT_187430.1,SQ.tnDW_Rqlx0B24bpYVX8j1gmSEtggmYxS,1951
XemD97fxYMS4q-FBm_n5CHQgmzh1_67a,101,NT_187431.1,SQ.n_XCYYZCV5lstux2dOvUdnF5_Mq-Li3n,1300
XemD97fxYMS4q-FBm_n5CHQgmzh1_67a,102,NT_187432.1,SQ.vDLj2_a2LHx8wj6w6bsTdHLnmpaBso_t,22689
XemD97fxYMS4q-FBm_n5CHQgmzh1_67a,103,NT_187433.1,SQ.IpxD9OiiVt8_Xfbj35qc74pGIe0wL9vT,138126
XemD97fxYMS4q-FBm_n5CHQgmzh1_67a,104,NT_187434.1,SQ.7B6iWftXnP2ZsUn1N3IFai45KfGmIVWi,5674
XemD97fxYMS4q-FBm_n5CHQgmzh1_67a,105,NT_187435.1,SQ.wVUftDlkFY-eI-NV-qCy9MWv13siqnYy,8127
XemD97fxYMS4q-FBm_n5CHQgmzh1_67a,106,NT_187436.1,SQ.QjGCbQg1vhoH_uNIHUE_fv1-477g8r1G,6361
XemD97fxYMS4q-FBm_n5CHQgmzh1_67a,107,NT_187437.1,SQ.J2akr9kmBxkY3ZFmieOubOe1p6EFfMwY,5353
XemD97fxYMS4q-FBm_n5CHQgmzh1_67a,108,NT_187438.1,SQ.tpsFdwq2559nek4f18hIsBFg_1KYDMm5,3253
XemD97fxYMS4q-FBm_n5CHQgmzh1_67a,109,NT_187439.1,SQ.5urbJSJsDlThyiED4KDLDnylx-K2v9Gm,1899
XemD97fxYMS4q-FBm_n5CHQgmzh1_67a,110,NT_187440.1,SQ.Y7FnweVvXEqTi-uiAmX_kmCP6HK55ZoA,2983
XemD97fxYMS4q-FBm_n5CHQgmzh1_67a,111,NT_187441.1,SQ.zpYREbv-tfx4pEUdtcIeohde2MnvsUHd,2168
XemD97fxYMS4q-FBm_n5CHQgmzh1_67a,112,NT_187442.1,SQ.tfLF4GW0WS5BskBI-aST1D0BV-pepYzL,993
XemD97fxYMS4q-FBm_n5CHQgmzh1_67a,113,NT_187443.1,SQ.63KEzgQl9n4E7guLzaB12sMe2B5HTDLH,91309
XemD97fxYMS4q-FBm_n5CHQgmzh1_67a,114,NT_187444.1,SQ.XBBieBA2j0nSYapiV42U-7uROMMzN10D,1202
XemD97fxYMS4q-FBm_n5CHQgmzh1_67a,115,NT_187445.1,SQ.zsF1p5JIJmc5hA1jwHka0XVDGyZEvmEi,1599
XemD97fxYMS4q-FBm_n5CHQgmzh1_67a,116,NT_187446.1,SQ.7WMQtd1zNVnIHTxHHV1KARtyMqHXUAtP,1400
XemD97fxYMS4q-FBm_n5CHQgmzh1_67a,117,NT_187447.1,SQ.OUMk2kbGNysKbns34oC1Rr6O2OEGaqd2,2969
XemD97fxYMS4q-FBm_n5CHQgmzh1_67a,118,NT_187448.1,SQ.MupOwvi4dl9TzvLOGoyfMa0YrXxY8zy_,1553
XemD97fxYMS4q-FBm_n5CHQgmzh1_67a,119,NT_187449.1,SQ.2z93I9Tkn7buVUT4hkXgxRSUf52vA1SH,7046
XemD97fxYMS4q-FBm_n5CHQgmzh1_67a,120,NT_187450.1,SQ.7zrqoHukEtT2W1rn-FHkAC7-SGrX7IQ7,31033
XemD97fxYMS4q-FBm_n5CHQgmzh1_67a,121,NT_187451.1,SQ.mLliKkGv9SGt6l8kH3bwRYSRbC-xgjM1,44474
XemD97fxYMS4q-FBm_n5CHQgmzh1_67a,122,NT_187452.1,SQ.FnjLHRbZQ0-daOR8wKor14vwkaFL6hNs,4685
XemD97fxYMS4q-FBm_n5CHQgmzh1_67a,123,NT_187453.1,SQ.pZbsVn1ytEQNOzViD_Rvq9YbTSgBjuW_,4513
XemD97fxYMS4q-FBm_n5CHQgmzh1_67a,124,NT_187454.1,SQ.ySBpzLPZHSW6VUdYp-tGVdjJeOfsVLTa,6504
XemD97fxYMS4q-FBm_n5CHQgmzh1_67a,125,NT_187455.1,SQ.bKYNl83yLynDj6VARTeJYmgXb_8pL4-N,6158
XemD97fxYMS4q-FBm_n5CHQgmzh1_67a,126,NT_187456.1,SQ.AkHqxkr-l6di2t1vaDnZzlkKepVpsHOC,3041
XemD97fxYMS4q-FBm_n5CHQgmzh1_67a,127,NT_187457.1,SQ.P-qtZx-46CCrfpOwAnRRaQ-_fXM47x29,5796
XemD97fxYMS4q-FBm_n5CHQgmzh1_67a,128,NT_187458.1,SQ.5d3te3IIA37diOsb5EHT4bi6-jw6qq2-,1652
XemD97fxYMS4q-FBm_n5CHQgmzh1_67a,129,NT_187459.1,SQ.3Lc9tjpmWSWfXZwgbUtmFTJZ0FCfGKZh,1040
XemD97fxYMS4q-FBm_n5CHQgmzh1_67a,130,NT_187460.1,SQ.cPOX8Z3igOlha4B0FejV2VHl_yiwRfAU,1368
XemD97fxYMS4q-FBm_n5CHQgmzh1_67a,131,NT_187461.1,SQ.YXCg7Om7YPSiwfpGw8ZlEQ4rOBYbxK45,2699
XemD97fxYMS4q-FBm_n5CHQgmzh1_67a,132,NT_187462.1,SQ.L4ZLpQty7r3yyh2xSr_O6DRnWaKjaAsv,1048
XemD97fxYMS4q-FBm_n5CHQgmzh1_67a,133,NT_187463.1,SQ.JSL6KKK2j3Flq4IF1M3Art_84LQ3dmFF,1428
XemD97fxYMS4q-FBm_n5CHQgmzh1_67a,134,NT_187464.1,SQ.vIQ5ltC4EyMB7OK1lnU6DvW3zNx0jdb2,1428
XemD97fxYMS4q-FBm_n5CHQgmzh1_67a,135,NT_187465.1,SQ.VvhkophOxVBa124jULhiqGN04Chq7q1D,1026
XemD97fxYMS4q-FBm_n5CHQgmzh1_67a,136,NT_187466.1,SQ.uo583U9sJtDJGuU6iDCZNdaLyzQz1gYF,1121
XemD97fxYMS4q-FBm_n5CHQgmzh1_67a,137,NT_187467.1,SQ.yo1qgwnJYyqyVBKbLfEycArstG2wF7T7,1803
XemD97fxYMS4q-FBm_n5CHQgmzh1_67a,138,NT_187468.1,SQ.iZdWxletexfTNJCT2dTagew8biQFX1TI,2855
XemD97fxYMS4q-FBm_n5CHQgmzh1_67a,139,NT_187469.1,SQ.QTzKQpJo2b_FukcbT1AN4nkWs4zV3_55,3530
XemD97fxYMS4q-FBm_n5CHQgmzh1_67a,140,NT_187470.1,SQ.zT-8kiQPyBF2erK-TIC-xDj2lfwGuE3U,8320
XemD97fxYMS4q-FBm_n5CHQgmzh1_67a,141,NT_187471.1,SQ.3fbIfEvQYYis7TyaluTyv299Xczxo3YP,1048
XemD97fxYMS4q-FBm_n5CHQgmzh1_67a,142,NT_187472.1,SQ.yLnqSBOiVHNpiEdiX86ZoyPFufg15Xlo,1045
XemD97fxYMS4q-FBm_n5CHQgmzh1_67a,143,NT_187473.1,SQ.bAikpwm12fZoFQY6r7h9nwuqA-W519qc,1298
XemD97fxYMS4q-FBm_n5CHQgmzh1_67a,144,NT_187474.1,SQ.KET7zxY6jw4xXuce0I2NdTbBuwZudiVN,2387
XemD97fxYMS4q-FBm_n5CHQgmzh1_67a,145,NT_187475.1,SQ.SvLLPyphiuUr7mQydPscMmyaOcUFJ-zv,1537
XemD97fxYMS4q-FBm_n5CHQgmzh1_67a,146,NT_187476.1,SQ.GdXNrY4W8T7K93ylj7kNeytobgGKidl-,1143
XemD97fxYMS4q-FBm_n5CHQgmzh1_67a,147,NT_187477.1,SQ.zld4x3UDXBhOOPYfVL871KAYiJT93Kuz,1880
XemD97fxYMS4q-FBm_n5CHQgmzh1_67a,148,NT_187478.1,SQ.SzYryM3fGu2F9dRXm-ZSuzH1lrQwqDvT,1216
XemD97fxYMS4q-FBm_n5CHQgmzh1_67a,149,NT_187479.1,SQ.0uoreCWKhOagVkU6g_wm3Ghqg-u0ELwG,970
XemD97fxYMS4q-FBm_n5CHQgmzh1_67a,150,NT_187480.1,SQ.IqHYbzsscygCUV59pwfyEd04a5c3lkLF,1788
XemD97fxYMS4q-FBm_n5CHQgmzh1_67a,151,NT_187481.1,SQ.yUj2uvjWFlouGm3F963VNM--I2s96Iz-,1484
XemD97fxYMS4q-FBm_n5CHQgmzh1_67a,152,NT_187482.1,SQ.rT2qpnYeQgUYGmwIZKWafKoM_rlepiVq,1750
XemD97fxYMS4q-FBm_n5CHQgmzh1_67a,153,NT_187483.1,SQ.hbKlATBl0s-HdUeh5K_tZX89N7xjivvp,1308
XemD97fxYMS4q-FBm_n5CHQgmzh1_67a,154,NT_187484.1,SQ.VFqjLCDuSqnvr79o7IjZPzsZHew_1P68,1658
XemD97fxYMS4q-FBm_n5CHQgmzh1_67a,155,NT_187485.1,SQ.I5artHV9tMRwf8-UCgn0tUTLY8DFAzfi,971
XemD97fxYMS4q-FBm_n5CHQgmzh1_67a,156,NT_187486.1,SQ.TEt-Umx3hFAxsCXFIbUoFKjI1l0kzUyb,1930
XemD97fxYMS4q-FBm_n5CHQgmzh1_67a,157,NT_187487.1,SQ.iB_m7qqRPb_xmKT9Cg_TFVzw7C8Q9U5Q,990
XemD97fxYMS4q-FBm_n5CHQgmzh1_67a,158,NT_187488.1,SQ.KQZyMeKEPHfeYKYX79PyAoyajaqE30_E,4215
XemD97fxYMS4q-FBm_n5CHQgmzh1_67a,159,NT_187489.1,SQ.h2NGmESUlOABx4daDywqQhNXaA2LB5RR,1136
XemD97fxYMS4q-FBm_n5CHQgmzh1_67a,160,NT_187490.1,SQ.b_YNuCEG0D36IeVru2r6N7eRginchgnT,2656
XemD97fxYMS4q-FBm_n5CHQgmzh1_67a,161,NT_187491.1,SQ.dPmhKFyWbv8liK3JAPY0D-eaKEBOk_t0,1650
XemD97fxYMS4q-FBm_n5CHQgmzh1_67a,162,NT_187492.1,SQ.UrpCy9kOdjWabO0L_trP8GhIWQuqSXEq,1451
XemD97fxYMS4q-FBm_n5CHQgmzh1_67a,163,NT_187493.1,SQ.ihzqQd4BJ5VUWckLt7PuFuDYHkH0K2Be,2378
XemD97fxYMS4q-FBm_n5CHQgmzh1_67a,164,NT_187494.1,SQ.JM3T4DDFYWNd19zcrQCCl6nj_NmagiRo,2805
XemD97fxYMS4q-FBm_n5CHQgmzh1_67a,165,NT_187495.1,SQ.OEoz1zWibkMlOQ3gIZBSoNsvbdmdMJlZ,7992
XemD97fxYMS4q-FBm_n5CHQgmzh1_67a,166,NT_187496.1,SQ.r4jjK8iybJr5jt4ozg3hY9d6GuNLRwNH,7642
XemD97fxYMS4q-FBm_n5CHQgmzh1_67a,167,NT_113901.1,SQ.2LEWMcieZGf9Sx4VpEeWSDcULUVHGm0w,182896
XemD97fxYMS4q-FBm_n5CHQgmzh1_67a,168,NT_167213.1,SQ.czO0uwJ6D8tZofzgHPDVnGO6bfq-kYNX,179198
XemD97fxYMS4q-FBm_n5CHQgmzh1_67a,169,NT_167214.1,SQ.PED4eU6aiTLsufXivhyWGjbU486sfgsT,161802
XemD97fxYMS4q-FBm_n5CHQgmzh1_67a,170,NT_167218.1,SQ.7Fmp4pU2KBOtIhW2ZeL6CXxGP4sy606F,179693
XemD97fxYMS4q-FBm_n5CHQgmzh1_67a,171,NT_187497.1,SQ.DHqk0kFJn2pE--tUJJMcv37PvtwTb3bu,157432
XemD97fxYMS4q-FBm_n5CHQgmzh1_67a,172,NT_167220.1,SQ.rJFy652rJMoL5PqH-PiqrJ1zpHc4uUiz,15008
XemD97fxYMS4q-FBm_n5CHQgmzh1_67a,173,NT_167208.1,SQ.1VIfWolFZeqoQU6YO0aj1Vhol9OZPRak,164239
XemD97fxYMS4q-FBm_n5CHQgmzh1_67a,174,NT_187498.1,SQ.zVy5wV-ddOi6LDlcI6SkP2onKRUaFpYE,210658
XemD97fxYMS4q-FBm_n5CHQgmzh1_67a,175,NT_187499.1,SQ.VX_kUKgy_KDDbEyY50N0jliHYLW5BUty,168472
XemD97fxYMS4q-FBm_n5CHQgmzh1_67a,176,NT_187500.1,SQ.xhH1KtABKub_tGnf5AvBRHer6N-X30-1,41891
XemD97fxYMS4q-FBm_n5CHQgmzh1_67a,177,NT_187501.1,SQ.SUWAToHdyaciFvEh1V07FN4RXg9L-jrF,66486
XemD97fxYMS4q-FBm_n5CHQgmzh1_67a,178,NT_187502.1,SQ.XTO1dKsAf02p_KSAp5mzTEwX-jIqZqGb,198735
XemD97fxYMS4q-FBm_n5CHQgmzh1_67a,179,NT_187503.1,SQ.dZTKCwLCSf-DUdBmvMsuNHS_vCstw8s0,93321
XemD97fxYMS4q-FBm_n5CHQgmzh1_67a,180,NT_187504.1,SQ.7g2-d4tNc0906VBAExkyOCN41_t77Ady,158759
XemD97fxYMS4q-FBm_n5CHQgmzh1_67a,181,NT_187505.1,SQ.EKEB8i2c_jLWqnhMMXfC71egt456kBwK,148850
XemD97fxYMS4q-FBm_n5CHQgmzh1_67a,182,NT_187506.1,SQ.2N9rNY_Y-CzN1Ck9n_QM21lHxxhDFsgh,150742
XemD97fxYMS4q-FBm_n5CHQgmzh1_67a,183,NT_187507.1,SQ.2xd_KJyoRn5IONHCVH99fbct9u4JYdti,27745
XemD97fxYMS4q-FBm_n5CHQgmzh1_67a,184,NT_187508.1,SQ.ppBUwlZG_sITzKDbNzcpublyDyzEkg7M,62944
XemD97fxYMS4q-FBm_n5CHQgmzh1_67a,185,NT_187509.1,SQ.gD8mEtavw4FpPORpnYPQmZpBUFaeSXNh,40191
XemD97fxYMS4q-FBm_n5CHQgmzh1_67a,186,NT_187510.1,SQ.8x77NiHXl6_fz1CDtziBovEdSYJ5JPcd,36723
XemD97fxYMS4q-FBm_n5CHQgmzh1_67a,187,NT_187511.1,SQ.YAVAIDpmW0T9Y8em7VFGpwv5v5koUJU3,79590
XemD97fxYMS4q-FBm_n5CHQgmzh1_67a,188,NT_187512.1,SQ.yBWLuxF_ypkns8q9zBWGp1nznGHHGIe_,71251
XemD97fxYMS4q-FBm_n5CHQgmzh1_67a,189,NT_167209.1,SQ.c4RwKvyuoOY9ze9WWPojiKz6r2znHArq,137718
XemD97fxYMS4q-FBm_n5CHQgmzh1_67a,190,NT_187513.1,SQ.aW8UVG5HFRf7LTM7RL4t9XmazcDk-0sV,186739
XemD97fxYMS4q-FBm_n5CHQgmzh1_67a,191,NT_167211.2,SQ.zafuU-XCGBovdatN_6YI7hiHSTjqE649,176608
XemD97fxYMS4q-FBm_n5CHQgmzh1_67a,192,NT_113889.1,SQ.sdL1gDzRGFP-F9sMKtNLSRAnQ-BC84H-,161147
XemD97fxYMS4q-FBm_n5CHQgmzh1_67a,193,NT_187515.1,SQ.7_Exoebfll2KSxWkHO_CTYB7L35bVXb8,354444
XemD97fxYMS4q-FBm_n5CHQgmzh1_67a,194,NT_187517.1,SQ.5sJPeOQINUJr0syBJgsAX7bqCNmmWXJq,256271
XemD97fxYMS4q-FBm_n5CHQgmzh1_67a,195,NT_187514.1,SQ.GCrbaHfIIFRcgaSCxRfLabk7To0pT5MQ,109528
XemD97fxYMS4q-FBm_n5CHQgmzh1_67a,196,NT_187520.1,SQ.yhQpNFEjj1oBLPYqMcxEgtQ7__rFUv0i,185285
XemD97fxYMS4q-FBm_n5CHQgmzh1_67a,197,NW_003315905.1,SQ.bRYaT5HlTMUTpUWpM4jKan96syvtKX3S,182439
XemD97fxYMS4q-FBm_n5CHQgmzh1_67a,198,NW_003315906.1,SQ.9xCYXFBVQDc7dfIKolvEEKLm8Uu3hysH,110268
XemD97fxYMS4q-FBm_n5CHQgmzh1_67a,199,NW_003315907.2,SQ.UlFLG2MJ8RhHqr4gEnrHI2G1JKgmDr6q,366580
XemD97fxYMS4q-FBm_n5CHQgmzh1_67a,200,NT_187521.1,SQ.rtrciHdATscBJqspfqw-qt9DF7ZipKwx,50258
XemD97fxYMS4q-FBm_n5CHQgmzh1_67a,201,NT_187519.1,SQ.sUgmsDfk9hPBydVbkxADntOazAwMekEF,911658
XemD97fxYMS4q-FBm_n5CHQgmzh1_67a,202,NT_187516.1,SQ.WYqs4u7Z9hoP_p3U6BRF37UEopQGGlvi,425601
XemD97fxYMS4q-FBm_n5CHQgmzh1_67a,203,NT_187518.1,SQ.wgls5bsmKqMuxE2JwOwZ_oQ14YXqsfyC,165834
XemD97fxYMS4q-FBm_n5CHQgmzh1_67a,204,NT_187525.1,SQ.STeQ6_klkg9xaIW9IbCAq7lJeNpNgdjC,136240
XemD97fxYMS4q-FBm_n5CHQgmzh1_67a,205,NT_187526.1,SQ.rU08r6kT8fbZwK2arffEwdyCQ0ijDHbo,70887
XemD97fxYMS4q-FBm_n5CHQgmzh1_67a,206,NT_187529.1,SQ.AS9PrLCgByckU31kuSmWdjqaASyXMBT1,223625
XemD97fxYMS4q-FBm_n5CHQgmzh1_67a,207,NT_187522.1,SQ.f8nrtmxvSZYRYd84R7Nrn4_S9K37IWo8,120616
XemD97fxYMS4q-FBm_n5CHQgmzh1_67a,208,NW_003315908.1,SQ.Ty1MZgCXzlCF81bA1yojF4tQL3zpP-61,143390
XemD97fxYMS4q-FBm_n5CHQgmzh1_67a,209,NT_187524.1,SQ.W1ijHpfgILmoFBM3G3_B1Hc_SuWVRL0G,133041
XemD97fxYMS4q-FBm_n5CHQgmzh1_67a,210,NT_187531.1,SQ.ibIyBleqU02yGiyM_QDff_Pz9HjCEMMj,138019
XemD97fxYMS4q-FBm_n5CHQgmzh1_67a,211,NT_187530.1,SQ.xhWP6Gc0TD7gRgBI0p71NYf99ju5Cuhm,110395
XemD97fxYMS4q-FBm_n5CHQgmzh1_67a,212,NT_187528.1,SQ.diw0dVVktKxaPm425ZEKf3FrA3fmGmMg,110099
XemD97fxYMS4q-FBm_n5CHQgmzh1_67a,213,NW_003571033.2,SQ.10yp1VWMurzO9zF1l7rhscuh_oRLSTew,96131
XemD97fxYMS4q-FBm_n5CHQgmzh1_67a,214,NW_003315909.1,SQ.V0CMtzYdkge7BgW5bmxhi0jlzyvuRY0L,123821
XemD97fxYMS4q-FBm_n5CHQgmzh1_67a,215,NT_187527.1,SQ.68oFh38v-ZYbo8antSTv-KSRrHCYpcGg,174166
XemD97fxYMS4q-FBm_n5CHQgmzh1_67a,216,NT_187523.1,SQ.lplR7ddIA7iiyP99iMCZSD4W1Jqo8LkQ,161578
XemD97fxYMS4q-FBm_n5CHQgmzh1_67a,217,NW_003871060.2,SQ.XI0Wu6ks0XtIGZGr2GJN53L1pjzoArDf,173151
XemD97fxYMS4q-FBm_n5CHQgmzh1_67a,218,NT_187535.1,SQ.51z7LccuEaAJoppILsqiPQnKEND0j1D_,109187
XemD97fxYMS4q-FBm_n5CHQgmzh1_67a,219,NT_187537.1,SQ.XEybNnMwxudbDQXYAuUsvIiNgqaSqhTP,224108
XemD97fxYMS4q-FBm_n5CHQgmzh1_67a,220,NW_003315913.1,SQ.GUN8-TYOZWIwvkcWk4bCnaEPxBMwMTdn,180671
XemD97fxYMS4q-FBm_n5CHQgmzh1_67a,221,NT_187533.1,SQ.dv28DR88BtaiPqzTm3kiIrbxSY7riEPE,173649
XemD97fxYMS4q-FBm_n5CHQgmzh1_67a,222,NT_187536.1,SQ.nDflcu34zeiGnLNJO9mU4rMpP8ttMoEc,248252
XemD97fxYMS4q-FBm_n5CHQgmzh1_67a,223,NT_187538.1,SQ.Ft1rlkyC6tg0zSex3L9Nl3QNMSMvlWpY,113034
XemD97fxYMS4q-FBm_n5CHQgmzh1_67a,224,NT_187532.1,SQ.VfiJcXkdRHtStj16e7Xrn9NynMHCeZOJ,205312
XemD97fxYMS4q-FBm_n5CHQgmzh1_67a,225,NT_187534.1,SQ.wha-R1tWYNtmUQO_DFgCBrB_UpLxdaZV,162429
XemD97fxYMS4q-FBm_n5CHQgmzh1_67a,226,NT_187539.1,SQ.RAunl7LtBhW-Ur_EVFo0r9k2F7nejYSK,184404
XemD97fxYMS4q-FBm_n5CHQgmzh1_67a,227,NT_187540.1,SQ.UXZi25XgrqYdmNvS7KCJphN0iI2HHKai,220246
XemD97fxYMS4q-FBm_n5CHQgmzh1_67a,228,NW_003315915.1,SQ.OksgIOusUef0rdKcDyt0NB9MkqaaAVj0,376187
XemD97fxYMS4q-FBm_n5CHQgmzh1_67a,229,NT_187541.1,SQ.-j0aUJS62vmpwSMuGHaTuD5PD6ZPLiDa,111943
XemD97fxYMS4q-FBm_n5CHQgmzh1_67a,230,NT_167250.2,SQ.04xmpFbzZiCj3JTIiKdmKjTEIUXazvZf,586476
XemD97fxYMS4q-FBm_n5CHQgmzh1_67a,231,NT_187544.1,SQ.OTIVJy_KdaopB-CUJs52LpsThmVoKof7,158965
XemD97fxYMS4q-FBm_n5CHQgmzh1_67a,232,NW_003315914.1,SQ.PZYl7DEKtgH9B4KBRqe1D_Z2XbZmqRfB,164536
XemD97fxYMS4q-FBm_n5CHQgmzh1_67a,233,NT_187542.1,SQ.dDz3JalgHwXRsYlNxzBuVzCgt7a-_lfA,119912
XemD97fxYMS4q-FBm_n5CHQgmzh1_67a,234,NT_187545.1,SQ.RyEr8j9KyJeP56NSneG-rAqW_AgEmGNc,205944
XemD97fxYMS4q-FBm_n5CHQgmzh1_67a,235,NT_187543.1,SQ.NJXsBHnEIETvkRII9MF2EEYRLLwK9aCD,244096
XemD97fxYMS4q-FBm_n5CHQgmzh1_67a,236,NT_187550.1,SQ.ypl-iaOfBtbzFmdcFUxZXSN8i0wrfhK1,126136
XemD97fxYMS4q-FBm_n5CHQgmzh1_67a,237,NT_187548.1,SQ.uqV14FRLzhJ59_NCXN0BsQjRcrc4wQ_I,179043
XemD97fxYMS4q-FBm_n5CHQgmzh1_67a,238,NT_187547.1,SQ.C0ccw2a21RzFAAYrYa__tHUR8TsbDuib,195710
XemD97fxYMS4q-FBm_n5CHQgmzh1_67a,239,NW_003315920.1,SQ.8aqteC5jCbtrr33OmtXu4jGyrmbvzfgM,82728
XemD97fxYMS4q-FBm_n5CHQgmzh1_67a,240,NW_003571036.1,SQ.SOVDMTYGIxAemENYORhBIKG1UtMN-Cxx,226852
XemD97fxYMS4q-FBm_n5CHQgmzh1_67a,241,NT_187551.1,SQ.OIu0GcnzJ_kv5Yi-42mWoDL2DSOFtjlh,164558
XemD97fxYMS4q-FBm_n5CHQgmzh1_67a,242,NW_003315917.2,SQ.eoMIu0vekNCOHBLKD0EwW7XJp-siHEGF,1612928
XemD97fxYMS4q-FBm_n5CHQgmzh1_67a,243,NW_003315918.1,SQ.UQf4P8h55Z6EdK5tczmAACezbKN5QQev,101241
XemD97fxYMS4q-FBm_n5CHQgmzh1_67a,244,NT_187549.1,SQ.QJYQpMzUaQmW2dOGCmmxGjm-gKBdGkgd,172708
XemD97fxYMS4q-FBm_n5CHQgmzh1_67a,245,NW_003315919.1,SQ.buP2JSI5lAEk8i2XtyuGWf94SwMg13cZ,173459
XemD97fxYMS4q-FBm_n5CHQgmzh1_67a,246,NT_187546.1,SQ.yljB6U9SRoWGw_dvR5KdY37ODgCmGoql,131892
XemD97fxYMS4q-FBm_n5CHQgmzh1_67a,247,NT_167244.2,SQ.pTtOib7jGZL9lETO295VEWn8jZ9RYCvj,4672374
XemD97fxYMS4q-FBm_n5CHQgmzh1_67a,248,NT_187555.1,SQ.EoFUoPtnHWts2dpvMw4zusf2yLpbJryB,175808
XemD97fxYMS4q-FBm_n5CHQgmzh1_67a,249,NT_187554.1,SQ.sbIBtYpUNHu8PwQeGnMM5eGITNpoRJcz,152148
XemD97fxYMS4q-FBm_n5CHQgmzh1_67a,250,NW_003315921.1,SQ.8WpZeULvL3qqYUSdxv4RyI7BblG0UkU4,124736
XemD97fxYMS4q-FBm_n5CHQgmzh1_67a,251,NT_187556.1,SQ.A9JuPqOYDdW3QQBBVIK6n-63zIicT8E6,870480
XemD97fxYMS4q-FBm_n5CHQgmzh1_67a,252,NT_187557.1,SQ.PuSTfY50a94aCw73WVarS2WjiLFyJkFN,75005
XemD97fxYMS4q-FBm_n5CHQgmzh1_67a,253,NW_004166862.2,SQ.0hIP48RklPWoM9e4TAFsEZ43J8dRLHNI,185823
XemD97fxYMS4q-FBm_n5CHQgmzh1_67a,254,NT_187552.1,SQ.FzQFgB4dpLbSpGp5WvuMNzq6MPKvdlyE,197536
XemD97fxYMS4q-FBm_n5CHQgmzh1_67a,255,NT_187553.1,SQ.LtzPuZLZnYH6pO1IrTjYgPEKdEhRS5ud,271782
XemD97fxYMS4q-FBm_n5CHQgmzh1_67a,256,NT_187558.1,SQ.X1hoeaY6uWYC8HHY2Q2EfqbdDxJqM8IG,157952
XemD97fxYMS4q-FBm_n5CHQgmzh1_67a,257,NT_187561.1,SQ.zNqIYblzbGOOkwdirXHJTkPbFH1BGDv7,209586
XemD97fxYMS4q-FBm_n5CHQgmzh1_67a,258,NT_187559.1,SQ.xbXYojdfUTApIf8_P3x4-2zIsZD-iOb2,158166
XemD97fxYMS4q-FBm_n5CHQgmzh1_67a,259,NW_003315922.2,SQ.ZO3XajuY2WdIU8H0b3dSx5KYK8m9M82O,119183
XemD97fxYMS4q-FBm_n5CHQgmzh1_67a,260,NT_187562.1,SQ.WWPUgQmEvZlupGMumNRPbGJmBDPLEKgR,1111570
XemD97fxYMS4q-FBm_n5CHQgmzh1_67a,261,NT_187564.1,SQ.PYAMDH0KqfdmU5JPAVqVupaXBEo4rFfz,271455
XemD97fxYMS4q-FBm_n5CHQgmzh1_67a,262,NT_187563.1,SQ.Mr7I6o5HsgqLcSnvhYEqDYdz5kV42DM4,126434
XemD97fxYMS4q-FBm_n5CHQgmzh1_67a,263,NT_187560.1,SQ.e_yiZOTpBLWIC3EqA1n_SgveVxgn4g8b,209988
XemD97fxYMS4q-FBm_n5CHQgmzh1_67a,264,NT_187572.1,SQ.3vUgExTDPg-6kH2ZiULbknG65kUMHAVw,145606
XemD97fxYMS4q-FBm_n5CHQgmzh1_67a,265,NT_187568.1,SQ.iWjuscFp2jBmwXvs-ih3LJHz5AW3Qu1e,282736
XemD97fxYMS4q-FBm_n5CHQgmzh1_67a,266,NT_187565.1,SQ.PAYF0NF94J1eLPRA0B9Wx6PKdgTZ4pvv,292436
XemD97fxYMS4q-FBm_n5CHQgmzh1_67a,267,NT_187576.1,SQ.vGGgA6P7xBX7M4mBYy9nOBtznc1x1nFS,985506
XemD97fxYMS4q-FBm_n5CHQgmzh1_67a,268,NT_187570.1,SQ.Blfq4xqKfo0FJJPATFr4xPHwunr-hMDQ,300230
XemD97fxYMS4q-FBm_n5CHQgmzh1_67a,269,NT_187577.1,SQ.JC7sRwjgnhEUBTGtNafaYyolY6rCwFRw,624492
XemD97fxYMS4q-FBm_n5CHQgmzh1_67a,270,NT_187566.1,SQ.iywmqFQ-6Fh14pAPqaLYvu06VSZSgnDe,141812
XemD97fxYMS4q-FBm_n5CHQgmzh1_67a,271,NT_187567.1,SQ.EKnBFFZrnDzD-jWHvXcXscItM1QrDzsR,374415
XemD97fxYMS4q-FBm_n5CHQgmzh1_67a,272,NT_187574.1,SQ.JoYHnbjBPOMckEQi0FSEJZYfci-l4kzO,133535
XemD97fxYMS4q-FBm_n5CHQgmzh1_67a,273,NT_187575.1,SQ.sBoZ5hQSaht4_DY7y6aKfsCGmNAdox0J,36640
XemD97fxYMS4q-FBm_n5CHQgmzh1_67a,274,NT_187573.1,SQ.f94ByAZ4kelY_SOSggoI_vakm0WATKUj,158983
XemD97fxYMS4q-FBm_n5CHQgmzh1_67a,275,NT_187571.1,SQ.kH-2_CUCQqpxQWVpHGnxjawC0RfwHeVU,305841
XemD97fxYMS4q-FBm_n5CHQgmzh1_67a,276,NT_187569.1,SQ.kbbbrWmgtIJj-EfUWxjXzA1EcnqCLpZU,132244
XemD97fxYMS4q-FBm_n5CHQgmzh1_67a,277,NW_003315928.1,SQ.Qmg0fzIrKNmbX_QaMvYDZ34Nvzac7d0J,162988
XemD97fxYMS4q-FBm_n5CHQgmzh1_67a,278,NW_003315929.1,SQ.OZtXLFtnb_IngRA_3wo74PtIfGN9zU-j,71551
XemD97fxYMS4q-FBm_n5CHQgmzh1_67a,279,NW_003315930.1,SQ.M6XTiISr1Sm1DPXEuWgviX8Y2Ct0viGi,171286
XemD97fxYMS4q-FBm_n5CHQgmzh1_67a,280,NW_003315931.1,SQ.xG6X1niZL5ka910ne1W_3IKQG1papFZC,60032
XemD97fxYMS4q-FBm_n5CHQgmzh1_67a,281,NT_187578.1,SQ._F7qq6EIa8n9etwFT0MelPnY7ggqXObL,439082
XemD97fxYMS4q-FBm_n5CHQgmzh1_67a,282,NW_003315934.1,SQ.ijki8zwyFOmILREuoZz7EKaDeJo6hzK6,179254
XemD97fxYMS4q-FBm_n5CHQgmzh1_67a,283,NT_187579.1,SQ.LQAI8B9Di_cemErZagjmUlLIU_wJ0vpM,181496
XemD97fxYMS4q-FBm_n5CHQgmzh1_67a,284,NW_003315935.1,SQ.b5d7dSEHLxpJni97NTBxDyUvjPeOpikI,309802
XemD97fxYMS4q-FBm_n5CHQgmzh1_67a,285,NT_187580.1,SQ.sVOWJ0aJC9F-B0M5i3h4VtgwVrf7E1U2,188315
XemD97fxYMS4q-FBm_n5CHQgmzh1_67a,286,NT_187586.1,SQ.f9vXWgOuAGchQNgwjhvjRVNufdcVaAHx,210133
XemD97fxYMS4q-FBm_n5CHQgmzh1_67a,287,NT_187584.1,SQ.L9jwXWvDtJbfxVFFZ5Autkj9k_qMIz5F,177092
XemD97fxYMS4q-FBm_n5CHQgmzh1_67a,288,NT_187585.1,SQ.ZnrUHnKSxcQrIWv4bOFa0eqgMWC_Yw0e,296895
XemD97fxYMS4q-FBm_n5CHQgmzh1_67a,289,NT_187583.1,SQ.k34wPvdMdinrOSGJPSi66oc_zWwsNQno,204059
XemD97fxYMS4q-FBm_n5CHQgmzh1_67a,290,NW_003315936.1,SQ.YpEMyhzoYs_11s_DfsfaLB8uQo__ffTG,154407
XemD97fxYMS4q-FBm_n5CHQgmzh1_67a,291,NW_003871073.1,SQ.OYD_B_tg1ilN4qmMhHMvRUeF_A1SiBFz,200998
XemD97fxYMS4q-FBm_n5CHQgmzh1_67a,292,NW_003871074.1,SQ.H-FcilbhTd1DIsKaCzkabHWNIc7smIfL,191409
XemD97fxYMS4q-FBm_n5CHQgmzh1_67a,293,NT_187582.1,SQ.9v7QhRz3rErQHSidbH7PcTtioHr3CZ72,67707
XemD97fxYMS4q-FBm_n5CHQgmzh1_67a,294,NT_187581.1,SQ.oDJ0ufO0hX9s9hvElxpShu4Io7wTp3ej,186169
XemD97fxYMS4q-FBm_n5CHQgmzh1_67a,295,NW_003571049.1,SQ.9kvA1SAHFWA7PI91tIMSidKkALqFXbYr,167313
XemD97fxYMS4q-FBm_n5CHQgmzh1_67a,296,NW_003571050.1,SQ.MYR92N9ChPkZXxy6nWXbiR5RGKuJWDC0,408271
XemD97fxYMS4q-FBm_n5CHQgmzh1_67a,297,NT_187588.1,SQ.icmRK8D6LoSC9qL4ylrhGnNQTJZCu0Ff,40090
XemD97fxYMS4q-FBm_n5CHQgmzh1_67a,298,NW_003315938.1,SQ.px02pr2p01rDRYZI9Sxa7s9w2sryr_s9,120804
XemD97fxYMS4q-FBm_n5CHQgmzh1_67a,299,NT_187587.1,SQ.ZzdPmdmqIveKAS0D-2hDsoCICQ2sMIvv,238139
XemD97fxYMS4q-FBm_n5CHQgmzh1_67a,300,NW_003315939.2,SQ.KHKws2RTus2xjfI0god2Gg79qedfTlKb,169178
XemD97fxYMS4q-FBm_n5CHQgmzh1_67a,301,NW_003315941.1,SQ.qStaAo9HyPxz7yXqUQJpCka0sixGY-6J,138655
XemD97fxYMS4q-FBm_n5CHQgmzh1_67a,302,NW_003315942.2,SQ.XKeFO_ksB66EVSh2uK6vlkxZ6iUBuK9e,152874
XemD97fxYMS4q-FBm_n5CHQgmzh1_67a,303,NT_187590.1,SQ.KmkfaNw6fM3oWCokWZGXgLINWxET3dww,119498
XemD97fxYMS4q-FBm_n5CHQgmzh1_67a,304,NW_003315940.1,SQ.YaOI_5KJtbcZ0VBMd_c-I8BXDhAkN2SK,184319
XemD97fxYMS4q-FBm_n5CHQgmzh1_67a,305,NT_187589.1,SQ.9jzxV3K6aSKfIvsYZMW7fV0Ls8d1oofc,76061
XemD97fxYMS4q-FBm_n5CHQgmzh1_67a,306,NT_187591.1,SQ.OuOwwAymrgTki0nugEFWUD9jyEUJinCw,56134
XemD97fxYMS4q-FBm_n5CHQgmzh1_67a,307,NT_187594.1,SQ.Gbrij0fSyRAGFCB20lZ8vTkymOnmV5gP,191684
XemD97fxYMS4q-FBm_n5CHQgmzh1_67a,308,NT_187593.1,SQ.cXqcpuOSHTdygQCaHEQJmhIpLUMSzhdJ,180306
XemD97fxYMS4q-FBm_n5CHQgmzh1_67a,309,NT_187597.1,SQ.d33Gokdy_6YFgMIVuEXUlt5fTpuKdjRN,103832
XemD97fxYMS4q-FBm_n5CHQgmzh1_67a,310,NT_187595.1,SQ.5CQK3QIZTKjkmyn9KTFa3LMKkUwJapBW,169134
XemD97fxYMS4q-FBm_n5CHQgmzh1_67a,311,NT_187592.1,SQ.FEDrQ66n6WIQrotLhccdZv4POnOwxo3K,306913
XemD97fxYMS4q-FBm_n5CHQgmzh1_67a,312,NT_187596.1,SQ.MVYgwi2O1W6C7WcmxzUTML0XRh4c6IUQ,37287
XemD97fxYMS4q-FBm_n5CHQgmzh1_67a,313,NT_187598.1,SQ.5q6hnhidZdGDHu0rEoHthfgxUY058rB_,322166
XemD97fxYMS4q-FBm_n5CHQgmzh1_67a,314,NT_187601.1,SQ.wrsAn1Pznc84XmgNcrKC5r34_n4Mz2wn,1511111
XemD97fxYMS4q-FBm_n5CHQgmzh1_67a,315,NT_187599.1,SQ.6xkD3rl6v_9Zdp1owKMIpW1eZ6stlwAi,180703
XemD97fxYMS4q-FBm_n5CHQgmzh1_67a,316,NT_187600.1,SQ.zjYU3LvEGZT3W1fjPIt8gclO6u19aBol,1351393
XemD97fxYMS4q-FBm_n5CHQgmzh1_67a,317,NT_187602.1,SQ.wohjAZ4hQyIVeUzRz4GmgTOoGv5kar-7,478999
XemD97fxYMS4q-FBm_n5CHQgmzh1_67a,318,NT_187604.1,SQ._p9ZPa9IFQpNALN115Fk8rkeINRuru4W,263054
XemD97fxYMS4q-FBm_n5CHQgmzh1_67a,319,NT_187603.1,SQ.WIxkrqsQ3gRvL0IqOvPcme1D3eHLAh7S,327382
XemD97fxYMS4q-FBm_n5CHQgmzh1_67a,320,NW_003315943.1,SQ.clM4cQc78Opxpec7OgoJPN9UBe6YZb1b,296527
XemD97fxYMS4q-FBm_n5CHQgmzh1_67a,321,NT_187605.1,SQ.p9yN1mYgdPjE_L7o9PqV0Yz-9Sk6KKYy,244917
XemD97fxYMS4q-FBm_n5CHQgmzh1_67a,322,NW_003315944.2,SQ.uoyRXokGM3HeJX8SRHeD-NjGHFK4mhRS,388773
XemD97fxYMS4q-FBm_n5CHQgmzh1_67a,323,NT_187606.1,SQ.pqMBdWdebRW3XqCWm4MdDimJxCgseDjH,430880
XemD97fxYMS4q-FBm_n5CHQgmzh1_67a,324,NT_187610.1,SQ.HDkEXq7AzlrUbhHuZpznbp3lgdam9H7m,134193
XemD97fxYMS4q-FBm_n5CHQgmzh1_67a,325,NT_187609.1,SQ.yeAUNB_OmT02ZQrdNKvtd3vFOAIY8ODg,63982
XemD97fxYMS4q-FBm_n5CHQgmzh1_67a,326,NT_187608.1,SQ.LRS9ztT4Ebp8Eu2rY-wbZ7RclCIZK_W0,232857
XemD97fxYMS4q-FBm_n5CHQgmzh1_67a,327,NT_187607.1,SQ.FwChSNxkr_b1LuOi-QoKQcH2DiB9fL89,2659700
XemD97fxYMS4q-FBm_n5CHQgmzh1_67a,328,NW_003315945.1,SQ.zmOX7gaNMbPsD0e7vAXK-MixMsR7OTwj,192462
XemD97fxYMS4q-FBm_n5CHQgmzh1_67a,329,NW_003315946.1,SQ.giRZFJqn-yQ2fQFvnUrhZsnhj0j32p5F,89672
XemD97fxYMS4q-FBm_n5CHQgmzh1_67a,330,NW_003315952.3,SQ.Cuq-QfbTRhiVPi6xns7SxJqj-kPXLLQS,375691
XemD97fxYMS4q-FBm_n5CHQgmzh1_67a,331,NT_187613.1,SQ.UkFCzw1aORf-WoHrTvva15yoLv7b0MpV,391357
XemD97fxYMS4q-FBm_n5CHQgmzh1_67a,332,NT_187611.1,SQ.3Wx-9rRd5d7m3WxtJ_HScX3Bz1MiQWjR,196688
XemD97fxYMS4q-FBm_n5CHQgmzh1_67a,333,NT_187614.1,SQ.DP_59DeCpk0B57HUkY9ljcj0L4DvR1yt,2877074
XemD97fxYMS4q-FBm_n5CHQgmzh1_67a,334,NW_003871091.1,SQ.r5bz8vNOqnaVR5i7NNDPRLc-7lKy0Ofn,278131
XemD97fxYMS4q-FBm_n5CHQgmzh1_67a,335,NW_003871092.1,SQ.Wczr0fr52D0g46F3glnGBbMaYof04RBg,70345
XemD97fxYMS4q-FBm_n5CHQgmzh1_67a,336,NW_003315953.2,SQ.U74-bOG6c9j_MGt6BNCYEKNjzHETiIqw,133151
XemD97fxYMS4q-FBm_n5CHQgmzh1_67a,337,NT_167251.2,SQ.poo0yesZKYYpE153PDmlkj1KgcNcrfSl,1821992
XemD97fxYMS4q-FBm_n5CHQgmzh1_67a,338,NW_003315954.1,SQ.rr0K6q_aJbcKQEUuis8ZStFj8IcsS9fD,223995
XemD97fxYMS4q-FBm_n5CHQgmzh1_67a,339,NT_187615.1,SQ.Y_q1faWWNU5qzIht_upDihpkY8oTvfvj,235827
XemD97fxYMS4q-FBm_n5CHQgmzh1_67a,340,NT_187616.1,SQ.nIkci60wCmjAEl603SQ6Ij5kd77WjXbz,108763
XemD97fxYMS4q-FBm_n5CHQgmzh1_67a,341,NW_003315955.1,SQ.OQeFEy4Y9B9Ul3Lyh-5tE74hhxF5S5pJ,90219
XemD97fxYMS4q-FBm_n5CHQgmzh1_67a,342,NT_187612.1,SQ.xIWD1tFz4UNvHV5l6ylxPJ_tMrADeTYe,178921
XemD97fxYMS4q-FBm_n5CHQgmzh1_67a,343,NT_187618.1,SQ.ue7I2kmR7eCDKVXiNjLuLPfg8L36Coyh,111737
XemD97fxYMS4q-FBm_n5CHQgmzh1_67a,344,NW_003315956.1,SQ.jpgI9PKjFFcmRJ6DhA24-SlqBP_WbtsJ,289831
XemD97fxYMS4q-FBm_n5CHQgmzh1_67a,345,NW_003315959.1,SQ.ZYJJjBBGlSiWL1A3IO2pElqttFsmWCNr,164789
XemD97fxYMS4q-FBm_n5CHQgmzh1_67a,346,NW_003315960.1,SQ.8L1QChyEhTJ0Ou0JUEEpP0H-xCoiue1N,198278
XemD97fxYMS4q-FBm_n5CHQgmzh1_67a,347,NW_003315957.1,SQ.mpHjLXhnMYfgLLGk6F1q7Le-oXDnoCle,104552
XemD97fxYMS4q-FBm_n5CHQgmzh1_67a,348,NW_003315958.1,SQ.9w5J0y1MZcOf2S21GLX_5zYnF-PueMx7,167950
XemD97fxYMS4q-FBm_n5CHQgmzh1_67a,349,NW_003315961.1,SQ.R_hppUEtKijn0V73Hqu0lou2oQtPo-ux,159547
XemD97fxYMS4q-FBm_n5CHQgmzh1_67a,350,NT_187617.1,SQ.I0Yop28P5J3dgmcsMKJKzfSqQ3sp8OJY,167999
XemD97fxYMS4q-FBm_n5CHQgmzh1_67a,351,NT_187622.1,SQ.Tj8Z-RW85GJnPIH5x-AgzXu1Ol4a00tF,61734
XemD97fxYMS4q-FBm_n5CHQgmzh1_67a,352,NT_187621.1,SQ.OCmbHqqgE_uodiBraegZNadWggvEajGb,52969
XemD97fxYMS4q-FBm_n5CHQgmzh1_67a,353,NW_003315962.1,SQ._lEIvT8iHL5XGdl6XibP4GC1MeBuoEiD,385657
XemD97fxYMS4q-FBm_n5CHQgmzh1_67a,354,NW_003315964.2,SQ.Ke3kTlQ21XVYX7avwlj8LDiX5S1cmbPf,170222
XemD97fxYMS4q-FBm_n5CHQgmzh1_67a,355,NW_003315965.1,SQ.v7pqSi3AgQ6DH4MDZlApxD5wXNukCNnW,188024
XemD97fxYMS4q-FBm_n5CHQgmzh1_67a,356,NW_003315963.1,SQ.BQKSjIS0iYDDXXE5mB9WAb_4H0fYtn1X,155864
XemD97fxYMS4q-FBm_n5CHQgmzh1_67a,357,NT_187619.1,SQ.ZQseIbEUD8dCRLWEIZ6beMfIgXhlYhTQ,43156
XemD97fxYMS4q-FBm_n5CHQgmzh1_67a,358,NT_187620.1,SQ.FHE5wehDRu1ckddTp8qPX_eLPHAUSS6L,233762
XemD97fxYMS4q-FBm_n5CHQgmzh1_67a,359,NW_003571054.1,SQ.R_21atTkM2V4WyOFLQ8p74B6bfH07ZOs,987716
XemD97fxYMS4q-FBm_n5CHQgmzh1_67a,360,NW_003315966.2,SQ.TcEoir4-ig0cqoBN28NU2Up-daWmxBJt,128386
XemD97fxYMS4q-FBm_n5CHQgmzh1_67a,361,NT_187623.1,SQ.x_sOsgaj976FViZeKh3m9_ODNc6eqA1F,118774
XemD97fxYMS4q-FBm_n5CHQgmzh1_67a,362,NT_187625.1,SQ.ITWL-R0pmV5Q5vmPatNneK6bAR5CSvK_,58661
XemD97fxYMS4q-FBm_n5CHQgmzh1_67a,363,NT_187624.1,SQ.oO88g77QjognQj4xmj_tqOWsPp3Yn3GU,183433
XemD97fxYMS4q-FBm_n5CHQgmzh1_67a,364,NW_003315967.2,SQ.NqkUR7zdx2GJiX4HnwxC0PcPCg1V_qG4,63917
XemD97fxYMS4q-FBm_n5CHQgmzh1_67a,365,NT_187628.1,SQ.xZn2Lr-PhpTOIOnPcnox6F5CXPW8Yn_-,166743
XemD97fxYMS4q-FBm_n5CHQgmzh1_67a,366,NT_187627.1,SQ.rYV0LvL2EPQuX4cLHa66Ol3DJ6GHAzax,143900
XemD97fxYMS4q-FBm_n5CHQgmzh1_67a,367,NW_003315968.2,SQ.QkmQmREyC2W643Z2D6wLB-aV03RImIqd,201197
XemD97fxYMS4q-FBm_n5CHQgmzh1_67a,368,NW_003315969.2,SQ.wFTHp6z2vRXB5xLVt0Rkrg6Gdxh3qwaj,74653
XemD97fxYMS4q-FBm_n5CHQgmzh1_67a,369,NW_003315970.2,SQ.QZc-xnlLf81CHyNTz_V7gXoPoBKMpQMh,116689
XemD97fxYMS4q-FBm_n5CHQgmzh1_67a,370,NT_187626.1,SQ.A4TEs9XTvuTfkaNRcVQ8vKe1ujt3um4c,82692
XemD97fxYMS4q-FBm_n5CHQgmzh1_67a,371,NT_187629.1,SQ.1aAdIiT24PCBZwQchGPn07h5CIuz21CP,259914
XemD97fxYMS4q-FBm_n5CHQgmzh1_67a,372,NT_187632.1,SQ.QA3Gk9W05fGOdrFoauwYmBCywzLksXZF,186262
XemD97fxYMS4q-FBm_n5CHQgmzh1_67a,373,NT_187633.1,SQ.IRcDYGj56PHshajiocGe_gQ53fPFX-9I,304135
XemD97fxYMS4q-FBm_n5CHQgmzh1_67a,374,NT_187630.1,SQ.dJ5csUbtg77TYUcOaKaJSdpIYaWbFuKw,263666
XemD97fxYMS4q-FBm_n5CHQgmzh1_67a,375,NT_187631.1,SQ._DBhLMwJA2gfyeylRgM2iQn0_j0D4ADp,101331
XemD97fxYMS4q-FBm_n5CHQgmzh1_67a,376,NW_003315972.2,SQ.lyuogRBpRZYux7eMQzGEwloXi8ml9OUW,96924
XemD97fxYMS4q-FBm_n5CHQgmzh1_67a,377,NW_003315971.2,SQ.4UtsO5P3uzzKS5LrK3MtXFpkYV3PWDQ_,162811
XemD97fxYMS4q-FBm_n5CHQgmzh1_67a,378,NT_187634.1,SQ.mxmnPc-Gg9PQrh9U5tJrLKC3P5vqdOR6,284869
XemD97fxYMS4q-FBm_n5CHQgmzh1_67a,379,NT_187635.1,SQ.8fOc6uTtO5N3DT5p9h6iP0DpV7gX6pzM,144206
XemD97fxYMS4q-FBm_n5CHQgmzh1_67a,380,NT_187636.1,SQ.-xdFPXu8EXyfVO6hXXNjLt0wNmxEbBI7,248807
XemD97fxYMS4q-FBm_n5CHQgmzh1_67a,381,NT_187637.1,SQ.VlOMn-GD7o6SGXHyGg5UCVbIbumzh1jr,170399
XemD97fxYMS4q-FBm_n5CHQgmzh1_67a,382,NT_187638.1,SQ.CfWg24UYOzSFgRRq98qWBUhntUafY9sE,157053
XemD97fxYMS4q-FBm_n5CHQgmzh1_67a,383,NT_187639.1,SQ.UYTYthd_1Mgf366TwsSrLeVPgrfD12qr,171027
XemD97fxYMS4q-FBm_n5CHQgmzh1_67a,384,NT_187640.1,SQ.mvbZjGkC1yWP6QWSHxFVpOnT5dxZ0X_1,204239
XemD97fxYMS4q-FBm_n5CHQgmzh1_67a,385,NT_187641.1,SQ.5SwHHfTs46OKapRVYM6R3cf91dLl5mVm,209512
XemD97fxYMS4q-FBm_n5CHQgmzh1_67a,386,NT_187642.1,SQ.S0kgpLbiOgP87EwprqrlHr46BktToHez,155532
XemD97fxYMS4q-FBm_n5CHQgmzh1_67a,387,NT_187643.1,SQ.IUYOQlv1RFRM-COi2MjsFSO7_3AI1R4s,170698
XemD97fxYMS4q-FBm_n5CHQgmzh1_67a,388,NT_187644.1,SQ.NtzYiOqOR2dGhu3BaWxijsOkkSB2E7vD,184499
XemD97fxYMS4q-FBm_n5CHQgmzh1_67a,389,NT_187645.1,SQ.tFSAVq35V8H7v0K5Pohnbn73KyesesRR,170680
XemD97fxYMS4q-FBm_n5CHQgmzh1_67a,390,NT_187646.1,SQ._wNUiX0LIo1uYKZoD4kjSsXJmjzz042h,162212
XemD97fxYMS4q-FBm_n5CHQgmzh1_67a,391,NT_187648.1,SQ.rfUURzJWMoVVxgGXX66DHPHAZ9N4JDvZ,214158
XemD97fxYMS4q-FBm_n5CHQgmzh1_67a,392,NT_187647.1,SQ.8mLVfFZ3oIxb823Nc9iIreq-nRGD6k0E,161218
XemD97fxYMS4q-FBm_n5CHQgmzh1_67a,393,NT_187649.1,SQ.2OYdJ5t_233ivPkfx6VvlNyCrXGOdFCL,162896
XemD97fxYMS4q-FBm_n5CHQgmzh1_67a,394,NT_187650.1,SQ.f_YKg6ujj5uOa8YcoVYBO8i-UTQvp1Nf,378547
XemD97fxYMS4q-FBm_n5CHQgmzh1_67a,395,NT_187651.1,SQ.6B_7lmToxv-R6Sd_0TR7PO1CUD4fMM_C,1144418
XemD97fxYMS4q-FBm_n5CHQgmzh1_67a,396,NT_187652.1,SQ.8N-MyFguW6S8ARZF2ATY1Y-C0WhVHVYf,130957
XemD97fxYMS4q-FBm_n5CHQgmzh1_67a,397,NT_113891.3,SQ.d34Ol6qoNpL78UaEVKAmpG-90k4ncP_V,4795265
XemD97fxYMS4q-FBm_n5CHQgmzh1_67a,398,NT_187653.1,SQ.nNhGXvs5B9t31ETXiIjf3wqoO3wavGDq,190869
XemD97fxYMS4q-FBm_n5CHQgmzh1_67a,399,NT_187655.1,SQ.lmsj7PeHPqJSRaNOMJQ7lZRV3Kaf9pAx,136959
XemD97fxYMS4q-FBm_n5CHQgmzh1_67a,400,NT_187654.1,SQ.PTs_FUyoqjFFjccktitxECsvBBm2hynY,318687
XemD97fxYMS4q-FBm_n5CHQgmzh1_67a,401,NT_187656.1,SQ.Cl7ES8sXwFkQGNnx28YuTrpYHN9xk-do,106711
XemD97fxYMS4q-FBm_n5CHQgmzh1_67a,402,NT_187657.1,SQ.HvLCAc04v5FtYQKEBozJOkjYG7JyzqI1,214625
XemD97fxYMS4q-FBm_n5CHQgmzh1_67a,403,NT_187658.1,SQ.nHj4LsDnGVh3V_Ts55_EKpse5UmgEFCa,572349
XemD97fxYMS4q-FBm_n5CHQgmzh1_67a,404,NT_187659.1,SQ.znFaWfBVcQCWh9pDwNsFJ5aGSsQH2Rus,196384
XemD97fxYMS4q-FBm_n5CHQgmzh1_67a,405,NT_187660.1,SQ.CyrY3B28RI5ODnfqRrArAI4SP8nb6SXM,5161414
XemD97fxYMS4q-FBm_n5CHQgmzh1_67a,406,NT_187662.1,SQ.0qqrlSPaQSbcbTS-XFDXNsxar_YBMpyI,137721
XemD97fxYMS4q-FBm_n5CHQgmzh1_67a,407,NT_187664.1,SQ.tYh_3K7WWZLJm-eatPdms2iMfn6xTY7t,157099
XemD97fxYMS4q-FBm_n5CHQgmzh1_67a,408,NT_187661.1,SQ.CBWpogYXYoKDvT2AIrcDq0XY8COj4KSJ,325800
XemD97fxYMS4q-FBm_n5CHQgmzh1_67a,409,NW_003871093.1,SQ.W2U0LNWky9tgPEcAKkeNu9nNMx_3JqRx,88070
XemD97fxYMS4q-FBm_n5CHQgmzh1_67a,410,NT_187663.1,SQ.W2Dpn4kI-x3xd9mnMikL49FlxvjNfkwc,1423190
XemD97fxYMS4q-FBm_n5CHQgmzh1_67a,411,NT_187665.1,SQ.nh_VQPV_LK3f_6uMX9QWQwSctJB27txp,174061
XemD97fxYMS4q-FBm_n5CHQgmzh1_67a,412,NT_187666.1,SQ.w05iLeXLFUYBPV02YzKfGXxJzKW-ZXq9,157710
XemD97fxYMS4q-FBm_n5CHQgmzh1_67a,413,NW_003571055.2,SQ.mvKVobCyCalugbLZrMFgtNRiM5oVV3ew,729520
XemD97fxYMS4q-FBm_n5CHQgmzh1_67a,414,NW_004504305.1,SQ.Bws6DcGku3rCWV-zaFzazkqAeCpgdsji,74013
XemD97fxYMS4q-FBm_n5CHQgmzh1_67a,415,NT_187667.1,SQ.JGKR1svbOo2GOxiWymE1pv13ggaJc4ih,274009
XemD97fxYMS4q-FBm_n5CHQgmzh1_67a,416,NT_187668.1,SQ.N-4BE43aqEO55NaBCJsVGAbtD_CSw2hq,205194
XemD97fxYMS4q-FBm_n5CHQgmzh1_67a,417,NT_187669.1,SQ.k06DDHZa4bfyT9BNshqRPO4cLDD_dwwY,170665
XemD97fxYMS4q-FBm_n5CHQgmzh1_67a,418,NT_187670.1,SQ.Wvo--PYZpLuRRB7aoEqAl7QvzNB3fy59,184516
XemD97fxYMS4q-FBm_n5CHQgmzh1_67a,419,NT_187671.1,SQ.hqU7wEkCCSQU5ebezHU0xdeNwTU1kMMD,190932
XemD97fxYMS4q-FBm_n5CHQgmzh1_67a,420,NT_187672.1,SQ.PEdbST0qn7Tj_YwQtUdFOWP2hfEAwN8R,123111
XemD97fxYMS4q-FBm_n5CHQgmzh1_67a,421,NT_187673.1,SQ.rjnyMfyO30IgE4USew3jf3cvPCFzPXkB,170701
XemD97fxYMS4q-FBm_n5CHQgmzh1_67a,422,NT_187674.1,SQ.DILJFGrt8ITHBgI1U9reDCFvXStLQSFd,198005
XemD97fxYMS4q-FBm_n5CHQgmzh1_67a,423,NT_187675.1,SQ.kflhCIz0b8fRXM_wCH3ObtDaSR4FWOtA,282224
XemD97fxYMS4q-FBm_n5CHQgmzh1_67a,424,NT_187676.1,SQ.gUSQy-ErCub9Mw18g24_VAfha6D1sadO,187935
XemD97fxYMS4q-FBm_n5CHQgmzh1_67a,425,NT_187677.1,SQ.9Af0OWltlJBxMmtYPPQbE9LFwRKkIF5Z,189352
XemD97fxYMS4q-FBm_n5CHQgmzh1_67a,426,NT_187678.1,SQ.dlLml9pNnpyBkve6cCmHT8TxyJbbIRot,166540
XemD97fxYMS4q-FBm_n5CHQgmzh1_67a,427,NT_187679.1,SQ.SFCn6AOMkj6hxYRH3IuAjj92MwM0Gj9e,555799
XemD97fxYMS4q-FBm_n5CHQgmzh1_67a,428,NT_167245.2,SQ.DvphJRvr6IhCptwmxq8dmvdZFYAljPSQ,4604811
XemD97fxYMS4q-FBm_n5CHQgmzh1_67a,429,NT_187680.1,SQ.OUSGYxrr7GHL4BqmA8FMD3Nn6G-UPLwt,229282
XemD97fxYMS4q-FBm_n5CHQgmzh1_67a,430,NT_187681.1,SQ.8gu4AavnvFq2odrt4i6VlKYdHJepCEmU,218612
XemD97fxYMS4q-FBm_n5CHQgmzh1_67a,431,NW_003571056.2,SQ.27DjvZ1xJkX9VImBZBUMkEU0oZyHjPOW,1064304
XemD97fxYMS4q-FBm_n5CHQgmzh1_67a,432,NT_187682.1,SQ.RQnHwoYffoL86eXhYSWukVvUzRnigtD_,176103
XemD97fxYMS4q-FBm_n5CHQgmzh1_67a,433,NT_187683.1,SQ.PyfYKHhK047yCswWas59b6RrTWAYhrx0,186203
XemD97fxYMS4q-FBm_n5CHQgmzh1_67a,434,NT_187684.1,SQ.KcnNnZ5bTDOEConQUSemx8AEViUquuJW,200773
XemD97fxYMS4q-FBm_n5CHQgmzh1_67a,435,NT_187685.1,SQ.ct4VqcTMtYup2ZmAk0LRpGvzDp_E3sq5,170148
XemD97fxYMS4q-FBm_n5CHQgmzh1_67a,436,NT_187686.1,SQ.8clcFUIGGI8IFhJdBJIjgpToCdHhxmzH,215732
XemD97fxYMS4q-FBm_n5CHQgmzh1_67a,437,NT_187687.1,SQ.A5I6PhEjJowCXk-UklgjZDf5LrazlMgr,170537
XemD97fxYMS4q-FBm_n5CHQgmzh1_67a,438,NT_113949.2,SQ.Q4qnz88p_KRm4vou1O9OJfgi0_q2QFuU,177381
XemD97fxYMS4q-FBm_n5CHQgmzh1_67a,439,NT_187688.1,SQ.tlJs2cwdsbZLPjbwJVJBjGdCPxeahba2,163458
XemD97fxYMS4q-FBm_n5CHQgmzh1_67a,440,NT_167246.2,SQ.MjujHSAsgNWRTX4w3ysM7b5OVhZpdXu1,4677643
XemD97fxYMS4q-FBm_n5CHQgmzh1_67a,441,NW_003571057.2,SQ.hF_pd5y7TnOddiM1xe-IhXSNPyUNDGmC,1091841
XemD97fxYMS4q-FBm_n5CHQgmzh1_67a,442,NT_187689.1,SQ.M6LYFN0j2_bTQG1phdXDW9Tkt3D045xx,197351
XemD97fxYMS4q-FBm_n5CHQgmzh1_67a,443,NT_167247.2,SQ.SrGK8_YZostHNQuj1I9fka9Tcy70IZhR,4827813
XemD97fxYMS4q-FBm_n5CHQgmzh1_67a,444,NW_003571058.2,SQ.6exNPK-frazLU4nT_nOa792nRAzqMqlQ,1066390
XemD97fxYMS4q-FBm_n5CHQgmzh1_67a,445,NT_187690.1,SQ.wbqOjlvBlORdkiGHdNFx3dSQIn2Trr1G,164170
XemD97fxYMS4q-FBm_n5CHQgmzh1_67a,446,NT_167248.2,SQ.R8Po47bUO0c1b8UaorA5TgahlaEUVdX9,4606388
XemD97fxYMS4q-FBm_n5CHQgmzh1_67a,447,NW_003571059.2,SQ.Mcs5ZbDrBYm7V9JpBxOYA_OFJGB3wQ1k,1002683
XemD97fxYMS4q-FBm_n5CHQgmzh1_67a,448,NT_187691.1,SQ.dNAzYYuHaSQ_6iwhuEYf94VZWJ8EAeDG,165607
XemD97fxYMS4q-FBm_n5CHQgmzh1_67a,449,NT_167249.2,SQ.Q8IworEhpLeXwpz1CHM7C3luysh-ltx-,4929269
XemD97fxYMS4q-FBm_n5CHQgmzh1_67a,450,NW_003571060.1,SQ.uIWxPT82_D_Q8jorfznOy58_tsn3ssG5,987100
XemD97fxYMS4q-FBm_n5CHQgmzh1_67a,451,NT_187692.1,SQ.DoD7UJm-N3FZn0RFEEM6d_nCcX79Zkm1,76752
XemD97fxYMS4q-FBm_n5CHQgmzh1_67a,452,NW_003571061.2,SQ.-P9myo8bawYL_es9umkI5zoLzv3YIwQ3,796479
XemD97fxYMS4q-FBm_n5CHQgmzh1_67a,453,NT_187693.1,SQ.UsJHm6wOugC5oP4WSKB3EbIhwxz0fQuX,1066800
XemD97fxYMS4q-FBm_n5CHQgmzh1_67a,454,NC_012920.1,SQ.k3grVkjY-hoWcCUojHw6VU6GE3MZ8Sct,16569
